2 5 7 11 12 14 18 19 21 24 25 26 26 29 30 33 35 39 41 43 44 45 47 48 49 52 53 53 58 61 67 69 71 71 72 73 74 79 79 79 80 80 83 84 84 84 87 91 95 96 
96 99 99 102 102 103 103 105 105 106 106 107 108 109 110 110 113 113 115 115 119 120 123 124 124 127 129 130 134 134 134 135 138 138 139 141 143 144 144 145 152 153 153 154 154 156 157 161 161 164 
165 166 167 167 169 169 170 174 175 176 179 183 183 185 185 189 191 195 196 196 198 198 199 199 200 203 208 209 210 210 213 219 219 220 221 222 223 223 224 224 225 226 227 228 228 229 229 230 236 236 
236 237 240 240 242 245 247 249 251 252 253 254 254 259 260 262 264 266 269 269 271 273 273 273 277 278 279 280 282 284 287 288 291 296 298 300 300 301 301 302 302 303 303 305 306 308 310 311 314 317 
319 321 321 323 328 328 329 329 329 330 330 331 332 333 334 335 337 338 340 341 346 347 348 349 352 353 353 356 356 357 357 359 361 362 365 366 368 369 370 373 374 376 379 382 382 383 384 385 386 390 
390 391 393 394 395 404 405 405 408 410 412 413 414 415 415 416 416 417 418 420 423 424 425 430 432 433 434 436 436 444 444 446 447 449 449 450 451 452 452 453 454 455 458 458 460 462 464 465 465 467 
471 475 478 483 483 485 488 489 490 491 495 496 497 499 502 506 507 507 508 511 514 514 515 516 516 518 520 520 521 522 522 525 526 540 541 544 544 546 548 549 550 550 554 555 556 557 558 559 560 562 
562 569 571 572 573 575 577 577 579 580 582 582 583 584 587 588 591 597 598 599 605 608 611 613 614 615 616 616 617 622 626 626 627 627 630 631 631 631 632 635 635 638 640 645 646 647 648 650 652 653 
654 664 667 675 677 679 681 681 682 682 684 685 686 689 690 690 691 694 694 695 696 699 703 703 707 714 716 723 725 726 727 727 732 733 735 738 738 740 741 742 745 746 748 748 750 753 753 753 755 756 
758 758 760 760 762 764 765 765 766 767 772 774 776 778 780 780 780 780 781 782 782 784 785 786 786 787 788 791 793 794 796 798 798 798 804 805 806 808 808 812 812 813 814 816 817 820 821 822 822 824 
829 833 835 835 836 839 839 841 842 842 848 849 849 850 852 852 853 854 857 858 862 870 870 871 874 875 879 881 884 885 887 888 889 894 895 897 898 899 899 900 903 906 906 907 908 909 916 917 918 918 
920 921 926 930 931 932 933 933 933 934 934 935 939 939 940 943 945 946 948 949 954 955 957 958 958 961 962 964 965 965 967 968 969 970 971 971 975 978 980 980 984 985 988 989 989 990 992 994 995 997 
1000 1002 1002 1002 1004 1005 1006 1007 1008 1008 1009 1015 1016 1019 1022 1023 1023 1026 1027 1031 1032 1033 1034 1038 1038 1040 1040 1043 1043 1043 1043 1044 1044 1045 1045 1046 1048 1048 1051 1052 1054 1054 1054 1056 1056 1061 1069 1070 1074 1082 
1084 1085 1085 1086 1088 1090 1090 1091 1091 1093 1093 1095 1098 1099 1099 1100 1101 1101 1106 1107 1110 1111 1113 1116 1117 1118 1119 1122 1126 1127 1128 1132 1136 1137 1139 1139 1141 1141 1142 1142 1142 1144 1144 1145 1146 1147 1150 1152 1153 1153 
1159 1159 1160 1163 1165 1165 1166 1167 1171 1171 1173 1174 1174 1174 1180 1181 1181 1182 1182 1185 1185 1186 1187 1187 1194 1194 1197 1197 1198 1200 1200 1201 1201 1202 1202 1204 1205 1205 1205 1205 1206 1207 1208 1208 1208 1209 1209 1210 1213 1213 
1213 1216 1218 1223 1225 1226 1226 1227 1228 1231 1232 1232 1234 1236 1237 1237 1242 1243 1243 1246 1248 1250 1251 1251 1254 1256 1259 1260 1262 1262 1264 1265 1265 1266 1267 1267 1268 1269 1270 1270 1271 1274 1275 1276 1278 1279 1280 1282 1285 1290 
1294 1299 1299 1301 1302 1306 1306 1312 1313 1315 1320 1322 1324 1324 1327 1331 1331 1332 1337 1338 1339 1343 1344 1345 1345 1348 1349 1352 1353 1363 1364 1365 1365 1366 1367 1370 1373 1378 1378 1380 1383 1389 1393 1394 1396 1398 1398 1398 1399 1399 
1399 1401 1401 1403 1406 1418 1419 1420 1421 1421 1421 1426 1426 1426 1443 1444 1447 1448 1449 1452 1454 1454 1463 1464 1466 1467 1472 1473 1474 1475 1476 1480 1483 1483 1485 1486 1488 1489 1490 1493 1494 1500 1501 1503 1505 1505 1506 1506 1507 1519 
1523 1523 1524 1525 1526 1527 1527 1529 1531 1535 1535 1537 1538 1546 1548 1548 1549 1550 1551 1553 1555 1556 1557 1557 1565 1566 1568 1571 1574 1576 1576 1576 1583 1583 1586 1586 1589 1591 1592 1593 1594 1595 1597 1597 1598 1598 1602 1604 1604 1605 
1607 1608 1609 1609 1610 1610 1612 1618 1622 1624 1624 1627 1629 1630 1631 1633 1634 1639 1639 1641 1642 1644 1646 1649 1650 1651 1655 1655 1656 1659 1661 1662 1666 1667 1673 1677 1677 1678 1680 1681 1681 1685 1686 1686 1686 1687 1687 1687 1691 1692 
1693 1693 1694 1695 1697 1701 1702 1703 1705 1710 1714 1715 1716 1716 1717 1718 1718 1719 1720 1721 1724 1725 1725 1728 1729 1729 1730 1731 1733 1736 1737 1737 1739 1742 1742 1746 1748 1752 1754 1756 1759 1764 1765 1766 1768 1769 1769 1770 1770 1771 
1771 1771 1774 1779 1782 1783 1783 1786 1787 1787 1789 1792 1793 1793 1797 1797 1800 1801 1804 1805 1811 1811 1811 1814 1815 1816 1816 1817 1817 1818 1819 1823 1825 1831 1831 1833 1835 1836 1838 1838 1840 1840 1844 1848 1854 1856 1857 1862 1863 1865 
1865 1866 1867 1867 1870 1870 1870 1871 1877 1877 1878 1878 1879 1882 1882 1884 1884 1886 1888 1888 1889 1890 1891 1892 1893 1898 1900 1902 1908 1913 1915 1918 1919 1920 1920 1924 1925 1927 1940 1941 1941 1942 1942 1943 1946 1948 1948 1952 1952 1954 
1955 1957 1957 1957 1957 1958 1958 1958 1959 1962 1962 1969 1970 1970 1972 1973 1974 1974 1975 1978 1979 1979 1980 1988 1990 1992 1993 1993 1994 1996 1996 1997 1998 2003 2003 2006 2010 2012 2013 2014 2015 2015 2021 2023 2024 2025 2027 2030 2030 2031 
2032 2036 2036 2037 2040 2042 2045 2045 2046 2051 2053 2057 2060 2060 2065 2066 2067 2068 2069 2069 2072 2073 2077 2077 2079 2079 2081 2082 2083 2083 2085 2085 2089 2091 2092 2092 2095 2095 2098 2103 2103 2104 2104 2106 2106 2108 2108 2109 2110 2113 
2113 2114 2116 2120 2123 2123 2128 2132 2135 2138 2138 2141 2142 2145 2147 2148 2149 2150 2154 2154 2155 2156 2159 2160 2162 2162 2164 2166 2167 2168 2169 2170 2171 2172 2173 2174 2176 2180 2180 2184 2185 2187 2189 2189 2193 2195 2196 2196 2198 2198 
2198 2198 2200 2202 2202 2204 2205 2206 2209 2210 2215 2216 2219 2220 2220 2221 2222 2222 2227 2227 2228 2231 2232 2234 2235 2236 2238 2241 2242 2243 2244 2247 2250 2252 2256 2257 2261 2261 2263 2264 2264 2267 2268 2269 2270 2273 2274 2274 2276 2276 
2276 2277 2277 2278 2280 2283 2284 2287 2287 2287 2288 2289 2289 2290 2290 2290 2296 2297 2299 2301 2302 2302 2303 2303 2303 2311 2312 2312 2313 2313 2316 2317 2320 2321 2324 2327 2327 2329 2330 2334 2334 2338 2339 2340 2340 2340 2344 2344 2348 2349 
2349 2350 2350 2352 2355 2357 2360 2361 2362 2366 2367 2367 2368 2369 2370 2371 2371 2371 2371 2372 2372 2373 2375 2377 2380 2381 2381 2383 2384 2386 2387 2391 2392 2394 2394 2399 2402 2403 2404 2406 2408 2415 2415 2416 2416 2416 2418 2419 2421 2430 
2430 2434 2435 2436 2437 2437 2442 2443 2446 2446 2447 2448 2449 2451 2452 2452 2458 2458 2458 2460 2460 2463 2468 2468 2470 2470 2472 2474 2477 2480 2481 2481 2485 2485 2486 2486 2487 2487 2487 2488 2488 2489 2490 2492 2495 2498 2499 2502 2505 2505 
2506 2508 2509 2509 2513 2515 2515 2516 2521 2522 2525 2526 2526 2526 2526 2530 2530 2532 2534 2537 2538 2541 2541 2541 2544 2545 2545 2546 2547 2548 2549 2550 2554 2554 2554 2556 2556 2559 2559 2559 2559 2563 2565 2566 2568 2570 2571 2571 2573 2574 
2576 2580 2582 2582 2582 2582 2584 2585 2587 2587 2591 2592 2592 2593 2593 2593 2597 2598 2602 2602 2603 2603 2608 2608 2609 2609 2610 2612 2616 2616 2617 2618 2621 2625 2626 2627 2627 2629 2631 2632 2632 2634 2637 2639 2640 2643 2646 2647 2649 2650 
2651 2652 2652 2653 2653 2655 2658 2658 2658 2659 2660 2664 2665 2666 2666 2666 2668 2670 2672 2672 2672 2672 2677 2678 2678 2682 2686 2690 2696 2696 2699 2699 2700 2703 2705 2705 2707 2710 2712 2719 2720 2722 2726 2731 2731 2733 2736 2737 2739 2741 
2742 2743 2745 2748 2748 2751 2752 2756 2756 2761 2762 2763 2764 2767 2767 2769 2769 2770 2771 2774 2774 2775 2778 2780 2781 2781 2784 2784 2792 2794 2794 2796 2798 2800 2802 2802 2803 2805 2806 2806 2808 2808 2808 2809 2810 2810 2810 2812 2813 2814 
2824 2827 2828 2828 2831 2834 2834 2836 2837 2838 2839 2840 2840 2841 2841 2842 2842 2843 2852 2854 2858 2858 2858 2859 2859 2861 2863 2865 2865 2866 2868 2868 2868 2869 2871 2875 2875 2877 2884 2885 2887 2887 2889 2891 2892 2892 2902 2903 2905 2905 
2905 2911 2911 2912 2914 2914 2914 2917 2920 2921 2921 2921 2922 2923 2923 2924 2930 2930 2930 2932 2934 2935 2936 2940 2941 2943 2945 2946 2947 2947 2948 2951 2952 2953 2957 2961 2961 2963 2965 2966 2968 2969 2970 2970 2971 2974 2976 2977 2981 2982 
2983 2984 2984 2988 2988 2988 2989 2991 2992 2994 3008 3008 3009 3010 3010 3010 3012 3013 3013 3016 3017 3018 3018 3019 3020 3025 3028 3033 3033 3035 3036 3037 3037 3038 3039 3040 3044 3045 3046 3050 3054 3062 3062 3062 3063 3066 3066 3069 3074 3076 
3079 3080 3084 3085 3085 3089 3090 3090 3092 3092 3093 3093 3096 3097 3098 3099 3100 3102 3102 3103 3104 3104 3108 3109 3111 3112 3113 3113 3113 3114 3115 3117 3118 3119 3120 3120 3121 3121 3125 3125 3128 3130 3132 3133 3133 3134 3142 3143 3144 3145 
3146 3151 3161 3161 3163 3163 3163 3164 3167 3168 3169 3169 3170 3171 3172 3175 3175 3176 3176 3181 3185 3188 3188 3188 3189 3190 3191 3192 3198 3199 3205 3207 3211 3211 3215 3221 3224 3226 3227 3229 3231 3233 3235 3235 3238 3238 3244 3247 3248 3253 
3256 3257 3261 3265 3268 3271 3271 3272 3274 3280 3281 3281 3283 3289 3292 3294 3295 3295 3299 3305 3307 3307 3311 3311 3313 3315 3316 3318 3320 3323 3324 3325 3329 3330 3330 3331 3331 3335 3336 3338 3338 3340 3341 3342 3349 3350 3351 3351 3351 3354 
3356 3358 3360 3362 3363 3367 3372 3375 3378 3379 3379 3381 3383 3384 3384 3387 3388 3390 3397 3398 3403 3407 3407 3407 3413 3413 3414 3418 3422 3422 3423 3425 3428 3428 3428 3428 3430 3433 3434 3434 3434 3435 3437 3437 3440 3442 3442 3447 3450 3453 
3457 3461 3462 3465 3466 3468 3471 3472 3473 3473 3476 3476 3477 3479 3480 3481 3482 3483 3483 3483 3484 3485 3486 3487 3488 3489 3493 3495 3495 3496 3496 3499 3501 3501 3504 3504 3506 3506 3511 3514 3514 3515 3517 3518 3523 3525 3526 3527 3527 3530 
3530 3533 3533 3534 3534 3535 3535 3538 3539 3539 3540 3541 3543 3546 3546 3546 3547 3548 3552 3565 3565 3567 3573 3575 3576 3577 3580 3582 3583 3586 3589 3589 3590 3590 3590 3591 3591 3596 3596 3598 3602 3603 3613 3614 3615 3615 3617 3618 3618 3622 
3623 3624 3627 3627 3628 3632 3633 3637 3637 3638 3638 3641 3643 3651 3652 3653 3653 3653 3655 3661 3661 3662 3664 3664 3665 3667 3667 3667 3670 3671 3673 3673 3674 3675 3676 3678 3679 3679 3683 3684 3684 3687 3689 3690 3690 3690 3693 3698 3698 3699 
3701 3702 3703 3703 3704 3705 3706 3708 3711 3713 3713 3713 3717 3718 3720 3722 3724 3726 3727 3728 3728 3731 3732 3732 3743 3743 3747 3748 3748 3750 3752 3754 3760 3761 3764 3767 3768 3770 3774 3775 3776 3777 3780 3781 3781 3785 3787 3788 3788 3792 
3794 3797 3800 3800 3801 3802 3802 3807 3808 3809 3810 3810 3810 3810 3812 3812 3819 3820 3822 3823 3826 3829 3829 3834 3834 3835 3837 3840 3842 3842 3844 3851 3852 3853 3861 3863 3864 3866 3867 3869 3869 3871 3872 3872 3873 3875 3875 3875 3877 3881 
3887 3888 3896 3900 3902 3902 3904 3908 3908 3909 3910 3911 3913 3915 3916 3917 3918 3919 3919 3920 3922 3924 3927 3931 3937 3938 3941 3945 3947 3953 3954 3956 3957 3958 3959 3960 3962 3964 3966 3967 3970 3971 3971 3972 3979 3980 3987 3987 3987 3988 
3995 3996 3996 3996 3997 3997 3998 3998 4000 4000 4002 4004 4007 4008 4008 4009 4010 4011 4011 4011 4018 4022 4024 4025 4027 4030 4030 4032 4033 4033 4037 4038 4038 4041 4042 4042 4044 4049 4049 4050 4051 4052 4055 4055 4058 4058 4059 4060 4062 4068 
4068 4069 4070 4070 4071 4071 4073 4078 4078 4078 4082 4083 4083 4085 4085 4088 4090 4090 4092 4092 4092 4099 4100 4102 4107 4108 4109 4110 4111 4112 4114 4115 4115 4116 4117 4118 4119 4123 4126 4127 4128 4128 4130 4131 4131 4132 4132 4133 4135 4137 
4141 4141 4143 4145 4149 4150 4150 4151 4152 4152 4156 4157 4160 4161 4161 4162 4163 4164 4165 4165 4166 4168 4170 4171 4171 4171 4172 4172 4179 4180 4181 4181 4181 4183 4188 4192 4193 4195 4197 4198 4198 4199 4199 4201 4203 4203 4203 4205 4205 4209 
4211 4212 4214 4216 4216 4219 4220 4220 4221 4222 4223 4226 4229 4231 4233 4234 4237 4237 4237 4238 4242 4247 4248 4248 4249 4251 4254 4256 4256 4257 4258 4260 4261 4261 4264 4264 4265 4267 4268 4269 4271 4272 4274 4276 4276 4280 4280 4280 4282 4284 
4287 4287 4288 4289 4290 4291 4293 4294 4296 4297 4297 4299 4300 4302 4303 4306 4307 4308 4308 4309 4309 4309 4311 4312 4314 4315 4317 4318 4318 4318 4320 4324 4324 4326 4329 4329 4332 4334 4335 4336 4338 4338 4340 4341 4341 4344 4344 4347 4349 4351 
4352 4352 4354 4354 4355 4357 4360 4360 4360 4361 4361 4362 4366 4366 4366 4371 4376 4376 4378 4380 4382 4383 4386 4386 4388 4389 4394 4397 4401 4402 4403 4403 4403 4404 4404 4406 4408 4408 4411 4412 4413 4414 4416 4417 4422 4423 4425 4426 4428 4429 
4430 4433 4434 4437 4439 4440 4442 4445 4446 4446 4447 4447 4447 4448 4448 4449 4451 4452 4454 4455 4455 4457 4458 4460 4463 4463 4464 4466 4468 4469 4470 4472 4474 4475 4482 4483 4491 4491 4492 4492 4494 4496 4496 4498 4498 4501 4502 4503 4503 4503 
4507 4508 4509 4509 4510 4512 4512 4512 4514 4514 4514 4516 4517 4523 4524 4526 4530 4532 4533 4534 4534 4534 4534 4535 4539 4539 4539 4541 4542 4544 4553 4561 4561 4563 4564 4569 4569 4571 4572 4573 4576 4577 4578 4578 4578 4579 4580 4583 4583 4585 
4586 4586 4586 4587 4590 4594 4596 4597 4599 4599 4601 4603 4603 4606 4608 4608 4611 4611 4614 4618 4618 4618 4622 4624 4626 4628 4628 4629 4633 4634 4634 4636 4637 4638 4638 4639 4639 4641 4641 4641 4648 4649 4650 4651 4652 4653 4655 4663 4667 4672 
4676 4677 4678 4678 4678 4679 4684 4686 4691 4692 4694 4696 4697 4698 4699 4703 4704 4707 4711 4712 4714 4714 4715 4718 4718 4719 4719 4720 4722 4726 4728 4730 4731 4732 4732 4733 4735 4735 4736 4736 4737 4737 4738 4739 4739 4741 4742 4743 4746 4746 
4748 4749 4750 4752 4753 4753 4754 4755 4756 4757 4758 4760 4760 4766 4768 4777 4783 4783 4785 4785 4788 4790 4790 4792 4792 4795 4795 4795 4796 4796 4798 4798 4800 4805 4806 4808 4809 4809 4813 4813 4817 4817 4819 4819 4820 4821 4821 4825 4825 4825 
4828 4829 4835 4836 4846 4848 4848 4849 4849 4850 4850 4851 4851 4852 4855 4856 4856 4857 4860 4862 4864 4865 4866 4866 4869 4872 4873 4873 4874 4875 4876 4878 4878 4885 4885 4886 4890 4891 4892 4893 4893 4894 4900 4906 4907 4907 4908 4909 4911 4913 
4913 4917 4920 4923 4928 4929 4932 4934 4936 4937 4939 4941 4949 4950 4950 4952 4952 4955 4955 4956 4958 4958 4962 4963 4965 4969 4971 4971 4971 4972 4973 4974 4976 4977 4978 4982 4984 4986 4987 4988 4990 4991 4991 4992 4992 4993 4994 4995 4997 5000 
5003 5009 5010 5010 5012 5013 5013 5014 5015 5016 5019 5020 5021 5022 5024 5024 5027 5027 5028 5031 5031 5037 5038 5042 5045 5046 5050 5050 5053 5054 5054 5054 5056 5056 5059 5060 5060 5062 5067 5069 5071 5072 5077 5078 5078 5078 5080 5080 5081 5082 
5084 5084 5085 5087 5091 5091 5091 5092 5093 5094 5094 5094 5097 5097 5098 5100 5105 5108 5109 5110 5116 5123 5126 5127 5128 5130 5131 5132 5132 5135 5136 5138 5139 5142 5143 5144 5144 5146 5148 5148 5149 5150 5152 5153 5154 5154 5155 5157 5165 5166 
5166 5166 5166 5167 5171 5171 5172 5172 5174 5175 5176 5178 5179 5179 5179 5185 5189 5190 5190 5190 5193 5193 5197 5199 5199 5200 5201 5203 5204 5205 5209 5212 5212 5212 5217 5223 5223 5226 5228 5229 5232 5232 5235 5236 5236 5237 5237 5237 5238 5238 
5240 5244 5245 5246 5250 5251 5252 5252 5255 5255 5256 5260 5261 5264 5265 5266 5269 5270 5273 5273 5274 5275 5275 5275 5276 5278 5278 5278 5279 5288 5290 5290 5290 5290 5294 5296 5296 5297 5297 5298 5300 5300 5301 5302 5303 5303 5306 5306 5306 5313 
5316 5321 5323 5324 5325 5326 5328 5331 5332 5333 5336 5342 5342 5343 5344 5344 5345 5345 5345 5346 5347 5348 5348 5348 5349 5349 5350 5350 5353 5356 5358 5359 5360 5361 5362 5371 5372 5374 5385 5386 5386 5388 5389 5391 5393 5393 5398 5400 5401 5405 
5407 5408 5412 5416 5418 5420 5420 5421 5423 5424 5424 5426 5428 5430 5431 5431 5433 5434 5436 5437 5438 5440 5440 5441 5441 5442 5442 5444 5444 5445 5447 5451 5454 5454 5458 5459 5460 5462 5462 5463 5463 5464 5465 5465 5465 5466 5470 5470 5471 5473 
5474 5477 5477 5477 5483 5484 5487 5488 5498 5499 5500 5502 5505 5505 5507 5507 5508 5508 5510 5516 5517 5518 5521 5522 5527 5527 5527 5530 5533 5534 5534 5534 5535 5536 5536 5540 5540 5543 5543 5544 5548 5550 5551 5554 5554 5555 5555 5559 5560 5561 
5563 5563 5564 5570 5571 5572 5572 5573 5577 5580 5583 5586 5592 5592 5595 5603 5605 5608 5611 5613 5614 5614 5615 5615 5622 5625 5626 5630 5632 5635 5636 5638 5638 5638 5639 5639 5644 5644 5645 5647 5650 5651 5651 5652 5654 5658 5658 5659 5660 5660 
5663 5664 5665 5668 5668 5671 5671 5673 5678 5679 5681 5681 5682 5685 5687 5690 5691 5694 5695 5696 5701 5702 5703 5703 5703 5705 5705 5706 5712 5718 5719 5720 5721 5724 5725 5727 5736 5737 5737 5738 5739 5742 5744 5745 5746 5746 5748 5752 5753 5756 
5759 5761 5764 5765 5767 5767 5767 5769 5769 5769 5771 5772 5773 5773 5774 5777 5777 5777 5779 5781 5783 5784 5785 5787 5789 5789 5790 5791 5795 5796 5798 5805 5805 5805 5806 5806 5812 5812 5813 5814 5815 5816 5817 5818 5819 5819 5820 5821 5822 5824 
5831 5832 5834 5835 5835 5837 5838 5841 5841 5842 5843 5844 5845 5849 5850 5852 5852 5853 5854 5855 5857 5858 5861 5862 5866 5866 5868 5871 5872 5873 5875 5877 5881 5883 5886 5889 5889 5893 5894 5895 5895 5895 5895 5895 5895 5897 5903 5910 5912 5914 
5914 5924 5924 5925 5925 5930 5931 5931 5932 5932 5935 5936 5937 5939 5939 5943 5943 5946 5947 5951 5951 5953 5957 5958 5959 5961 5963 5965 5970 5970 5972 5972 5975 5975 5977 5977 5980 5980 5981 5982 5982 5982 5983 5985 5988 5989 5989 5991 5992 5993 
5994 5994 5998 5998 6002 6002 6004 6009 6012 6013 6013 6015 6015 6017 6018 6018 6019 6021 6021 6022 6023 6024 6025 6027 6027 6028 6030 6035 6036 6036 6037 6040 6041 6044 6045 6046 6046 6047 6051 6053 6054 6055 6057 6059 6060 6062 6062 6063 6064 6066 
6068 6070 6071 6073 6074 6076 6081 6081 6083 6084 6084 6084 6085 6085 6087 6088 6090 6090 6091 6095 6095 6096 6097 6098 6098 6100 6100 6101 6106 6107 6109 6109 6109 6109 6110 6112 6113 6116 6117 6118 6119 6119 6121 6124 6128 6130 6133 6134 6135 6135 
6136 6142 6145 6145 6145 6148 6151 6155 6155 6160 6162 6163 6164 6165 6167 6170 6170 6174 6174 6175 6177 6178 6180 6182 6184 6185 6186 6186 6187 6188 6188 6191 6196 6198 6198 6201 6202 6202 6203 6203 6204 6206 6209 6210 6210 6212 6214 6218 6224 6228 
6228 6230 6230 6231 6235 6236 6237 6237 6240 6241 6241 6242 6243 6245 6246 6250 6251 6252 6258 6261 6264 6264 6264 6267 6269 6271 6271 6272 6273 6274 6276 6278 6278 6278 6279 6279 6281 6281 6284 6285 6285 6286 6287 6288 6289 6290 6290 6291 6292 6294 
6295 6297 6297 6298 6299 6300 6301 6302 6302 6302 6304 6305 6311 6311 6311 6312 6313 6313 6314 6316 6317 6318 6319 6321 6321 6323 6325 6328 6329 6329 6334 6337 6338 6340 6341 6341 6342 6344 6346 6347 6348 6350 6352 6357 6358 6359 6360 6363 6363 6364 
6368 6371 6374 6374 6376 6380 6382 6383 6387 6387 6388 6390 6392 6394 6395 6398 6403 6405 6406 6406 6410 6412 6413 6414 6416 6416 6417 6418 6419 6420 6423 6423 6425 6426 6427 6427 6428 6431 6431 6431 6433 6434 6435 6435 6436 6436 6438 6439 6441 6443 
6443 6443 6445 6446 6448 6448 6448 6450 6452 6453 6460 6461 6462 6463 6464 6464 6466 6467 6467 6471 6475 6478 6479 6481 6481 6484 6486 6489 6494 6497 6499 6499 6502 6503 6505 6506 6506 6509 6512 6512 6514 6515 6517 6519 6519 6526 6528 6528 6529 6531 
6534 6535 6536 6536 6538 6539 6540 6540 6541 6542 6544 6546 6547 6549 6560 6562 6564 6566 6569 6569 6576 6576 6577 6577 6578 6581 6582 6583 6584 6588 6589 6589 6592 6593 6593 6596 6596 6601 6601 6602 6603 6604 6605 6609 6609 6610 6614 6616 6624 6625 
6625 6625 6626 6631 6632 6633 6635 6637 6638 6639 6641 6643 6643 6645 6645 6645 6645 6645 6646 6649 6650 6650 6652 6652 6654 6654 6659 6661 6662 6662 6664 6666 6668 6668 6670 6671 6671 6672 6673 6674 6674 6677 6680 6683 6685 6687 6687 6687 6688 6689 
6690 6694 6695 6695 6695 6696 6697 6697 6700 6701 6702 6703 6704 6704 6705 6705 6710 6710 6711 6712 6715 6720 6722 6723 6724 6726 6727 6730 6730 6732 6732 6734 6735 6735 6736 6736 6736 6737 6738 6739 6740 6742 6745 6745 6746 6747 6748 6751 6755 6756 
6756 6759 6759 6760 6760 6768 6771 6771 6773 6773 6774 6775 6776 6776 6777 6778 6784 6786 6787 6787 6788 6788 6788 6790 6795 6795 6799 6802 6802 6804 6805 6806 6807 6809 6809 6811 6812 6816 6817 6818 6825 6826 6827 6828 6828 6829 6832 6832 6832 6832 
6834 6835 6836 6836 6838 6840 6843 6846 6847 6848 6851 6853 6854 6855 6855 6855 6860 6861 6862 6862 6863 6863 6863 6865 6866 6868 6868 6869 6869 6872 6875 6877 6877 6878 6884 6885 6886 6889 6889 6892 6894 6897 6898 6899 6899 6904 6908 6908 6908 6911 
6913 6913 6914 6915 6917 6920 6923 6925 6928 6934 6940 6945 6947 6948 6954 6956 6957 6962 6964 6965 6967 6968 6968 6969 6972 6972 6972 6974 6978 6978 6979 6982 6982 6986 6987 6991 6993 6997 7000 7005 7008 7009 7010 7011 7014 7016 7020 7020 7022 7027 
7029 7030 7031 7031 7032 7034 7034 7035 7040 7041 7043 7043 7043 7044 7045 7047 7051 7052 7054 7055 7056 7056 7059 7059 7060 7062 7063 7064 7065 7066 7069 7070 7071 7075 7076 7078 7080 7080 7082 7082 7083 7084 7084 7085 7087 7088 7093 7094 7095 7095 
7096 7096 7100 7100 7101 7104 7105 7105 7107 7107 7107 7111 7114 7117 7120 7121 7121 7121 7122 7123 7127 7129 7131 7131 7132 7134 7135 7137 7139 7139 7140 7141 7143 7144 7144 7145 7146 7148 7149 7149 7150 7152 7155 7155 7155 7155 7156 7158 7159 7163 
7170 7170 7171 7172 7174 7174 7175 7177 7179 7179 7181 7181 7182 7185 7185 7186 7187 7188 7190 7193 7193 7193 7197 7197 7199 7199 7200 7200 7202 7203 7203 7205 7208 7209 7211 7211 7212 7213 7215 7215 7216 7217 7218 7219 7221 7221 7222 7231 7233 7233 
7234 7234 7234 7235 7235 7236 7236 7236 7236 7238 7240 7242 7242 7242 7244 7245 7249 7250 7251 7256 7257 7258 7258 7260 7261 7265 7266 7268 7273 7276 7276 7281 7283 7287 7290 7291 7296 7296 7298 7300 7301 7303 7303 7304 7309 7310 7311 7311 7312 7314 
7318 7321 7323 7324 7326 7326 7328 7328 7329 7332 7335 7335 7340 7341 7341 7345 7347 7349 7349 7353 7354 7357 7362 7363 7368 7368 7371 7371 7376 7378 7378 7380 7381 7381 7383 7389 7391 7392 7397 7398 7398 7398 7400 7400 7402 7402 7404 7407 7408 7408 
7412 7412 7413 7414 7415 7415 7415 7416 7417 7418 7419 7419 7419 7420 7425 7427 7428 7429 7429 7429 7430 7433 7434 7435 7435 7437 7438 7438 7438 7440 7443 7443 7446 7447 7448 7450 7450 7456 7457 7458 7459 7460 7467 7469 7470 7479 7485 7486 7487 7488 
7488 7488 7489 7490 7491 7491 7493 7493 7495 7495 7497 7499 7499 7499 7500 7500 7502 7505 7506 7507 7512 7514 7514 7515 7516 7520 7520 7523 7525 7525 7526 7527 7527 7530 7533 7535 7538 7539 7539 7540 7541 7543 7544 7544 7545 7546 7547 7547 7547 7550 
7553 7553 7559 7560 7563 7564 7565 7565 7565 7565 7567 7568 7568 7569 7571 7573 7574 7576 7577 7578 7578 7579 7579 7582 7583 7583 7587 7589 7589 7592 7594 7595 7602 7605 7606 7607 7611 7612 7612 7612 7615 7618 7620 7620 7621 7625 7625 7625 7626 7626 
7628 7629 7632 7633 7634 7636 7637 7638 7638 7641 7644 7646 7649 7650 7652 7654 7658 7658 7659 7666 7668 7668 7668 7669 7670 7676 7678 7678 7679 7681 7681 7683 7685 7686 7691 7691 7693 7696 7698 7700 7700 7700 7700 7702 7704 7705 7706 7706 7708 7709 
7709 7709 7709 7710 7710 7710 7711 7715 7715 7720 7722 7722 7724 7724 7729 7735 7737 7740 7741 7742 7746 7746 7746 7749 7754 7754 7756 7757 7760 7760 7763 7764 7764 7765 7769 7773 7774 7776 7781 7784 7787 7787 7788 7790 7790 7793 7793 7793 7799 7800 
7800 7803 7805 7807 7809 7809 7811 7813 7815 7815 7818 7818 7818 7819 7820 7821 7821 7824 7824 7825 7826 7830 7830 7830 7831 7831 7834 7835 7842 7843 7848 7848 7849 7849 7850 7852 7854 7856 7858 7858 7864 7866 7867 7868 7868 7870 7872 7872 7875 7880 
7882 7884 7886 7886 7886 7887 7889 7889 7890 7893 7894 7898 7899 7899 7900 7900 7905 7906 7908 7909 7909 7910 7911 7913 7915 7918 7922 7923 7928 7928 7929 7930 7933 7938 7940 7940 7942 7943 7948 7949 7949 7950 7951 7951 7952 7954 7955 7956 7957 7962 
7962 7963 7963 7965 7966 7966 7966 7968 7969 7970 7970 7977 7979 7981 7981 7984 7985 7985 7987 7987 7987 7988 7989 7989 7990 7991 7993 7993 7994 7999 8000 8002 8006 8010 8012 8014 8015 8015 8015 8020 8021 8023 8024 8024 8025 8027 8030 8033 8034 8036 
8036 8040 8041 8042 8043 8044 8045 8050 8051 8053 8053 8057 8059 8063 8063 8066 8069 8069 8069 8073 8075 8077 8081 8082 8082 8083 8084 8085 8086 8086 8090 8091 8092 8092 8093 8099 8101 8103 8103 8104 8108 8109 8114 8115 8116 8118 8122 8123 8123 8124 
8124 8125 8126 8127 8127 8128 8131 8131 8131 8137 8144 8144 8145 8145 8148 8149 8151 8153 8154 8155 8156 8157 8158 8162 8163 8164 8165 8169 8173 8177 8177 8178 8184 8184 8185 8185 8186 8189 8190 8190 8191 8193 8194 8195 8195 8199 8199 8199 8203 8210 
8212 8213 8213 8213 8214 8215 8216 8217 8220 8223 8223 8223 8227 8228 8228 8230 8231 8232 8237 8238 8239 8245 8247 8247 8247 8250 8251 8251 8253 8254 8254 8255 8256 8256 8257 8259 8262 8265 8266 8267 8267 8269 8270 8272 8273 8273 8274 8277 8278 8283 
8284 8289 8289 8290 8290 8292 8292 8292 8293 8293 8293 8295 8300 8300 8301 8302 8305 8307 8311 8312 8313 8313 8316 8324 8325 8327 8333 8335 8335 8335 8336 8338 8340 8341 8343 8345 8351 8351 8354 8355 8356 8356 8357 8361 8365 8367 8370 8371 8376 8377 
8378 8378 8379 8379 8380 8380 8380 8381 8385 8386 8386 8388 8391 8393 8394 8398 8401 8401 8401 8402 8403 8407 8413 8415 8417 8418 8419 8420 8420 8426 8429 8433 8434 8436 8438 8441 8442 8445 8448 8449 8449 8450 8456 8456 8456 8457 8457 8459 8461 8461 
8466 8470 8470 8473 8473 8473 8477 8479 8479 8480 8481 8481 8482 8484 8485 8485 8487 8487 8487 8492 8495 8495 8497 8499 8501 8501 8502 8502 8503 8505 8507 8510 8511 8511 8511 8522 8528 8529 8533 8533 8533 8535 8536 8539 8539 8540 8540 8543 8544 8546 
8548 8548 8548 8550 8553 8558 8561 8561 8562 8564 8565 8566 8567 8572 8573 8574 8576 8578 8580 8581 8582 8584 8587 8588 8589 8594 8594 8598 8601 8602 8602 8602 8603 8603 8604 8604 8605 8605 8608 8608 8610 8613 8616 8616 8616 8619 8620 8621 8621 8622 
8624 8624 8626 8627 8629 8631 8632 8633 8635 8638 8638 8639 8641 8647 8648 8649 8650 8651 8654 8656 8657 8658 8659 8662 8662 8664 8664 8667 8667 8669 8672 8673 8674 8682 8682 8683 8683 8686 8687 8688 8690 8690 8690 8692 8692 8698 8699 8700 8701 8701 
8702 8702 8702 8705 8707 8708 8709 8709 8710 8710 8713 8713 8718 8719 8720 8720 8722 8722 8725 8727 8727 8729 8732 8733 8737 8737 8739 8739 8741 8743 8744 8745 8745 8746 8747 8750 8751 8751 8752 8753 8756 8757 8759 8759 8766 8766 8767 8768 8771 8774 
8776 8779 8785 8787 8792 8792 8793 8794 8794 8797 8800 8800 8806 8806 8808 8808 8808 8809 8809 8810 8811 8813 8814 8817 8819 8823 8823 8823 8824 8826 8827 8827 8829 8830 8831 8833 8837 8838 8838 8842 8846 8846 8848 8849 8849 8852 8852 8852 8854 8855 
8856 8857 8858 8858 8861 8861 8865 8874 8874 8875 8875 8877 8877 8878 8879 8880 8881 8882 8883 8884 8884 8886 8886 8887 8888 8888 8889 8889 8897 8898 8898 8898 8899 8900 8902 8903 8904 8908 8913 8916 8918 8924 8924 8932 8932 8933 8933 8934 8935 8936 
8938 8940 8941 8942 8944 8948 8949 8950 8951 8952 8952 8953 8953 8956 8957 8958 8961 8962 8963 8964 8964 8964 8965 8966 8971 8971 8973 8974 8975 8977 8978 8979 8979 8982 8983 8987 8989 8990 8991 8992 8997 8997 9001 9002 9002 9005 9006 9006 9009 9010 
9011 9012 9013 9013 9015 9015 9015 9017 9018 9018 9021 9022 9023 9024 9025 9025 9027 9027 9032 9035 9039 9040 9043 9043 9050 9050 9051 9054 9056 9057 9057 9058 9060 9061 9063 9065 9068 9068 9070 9071 9078 9081 9083 9085 9086 9087 9088 9091 9092 9095 
9096 9096 9097 9097 9098 9098 9099 9100 9101 9104 9108 9108 9108 9109 9110 9111 9113 9115 9117 9117 9120 9120 9120 9121 9123 9125 9125 9126 9127 9129 9129 9130 9130 9133 9136 9138 9138 9140 9140 9142 9144 9145 9145 9146 9147 9148 9150 9152 9152 9157 
9161 9168 9168 9169 9170 9175 9176 9176 9176 9177 9179 9179 9183 9183 9184 9188 9189 9189 9189 9190 9190 9190 9192 9193 9195 9197 9200 9201 9202 9202 9203 9204 9205 9208 9208 9212 9213 9214 9217 9223 9224 9227 9227 9228 9228 9229 9231 9232 9232 9237 
9238 9239 9241 9242 9243 9245 9247 9247 9248 9250 9253 9254 9255 9257 9261 9262 9267 9269 9269 9269 9270 9271 9271 9273 9274 9275 9279 9280 9280 9280 9281 9282 9283 9284 9284 9288 9301 9301 9302 9303 9305 9305 9307 9308 9309 9310 9310 9310 9311 9312 
9313 9314 9315 9316 9316 9317 9318 9320 9320 9320 9321 9324 9326 9327 9331 9331 9336 9337 9338 9339 9340 9340 9343 9344 9345 9346 9346 9349 9351 9353 9355 9355 9356 9358 9363 9366 9368 9376 9377 9382 9384 9385 9386 9386 9386 9389 9390 9390 9392 9392 
9392 9393 9393 9395 9395 9396 9399 9402 9404 9406 9406 9407 9408 9408 9409 9417 9419 9420 9420 9423 9424 9426 9429 9429 9430 9431 9432 9433 9434 9434 9434 9436 9436 9436 9437 9438 9441 9442 9448 9449 9449 9453 9454 9454 9457 9460 9463 9464 9464 9464 
9465 9465 9465 9465 9469 9474 9476 9476 9478 9479 9481 9481 9486 9488 9489 9490 9491 9491 9492 9492 9492 9493 9496 9496 9498 9498 9499 9499 9501 9501 9502 9506 9510 9511 9512 9515 9515 9519 9519 9520 9521 9528 9531 9531 9534 9537 9543 9544 9546 9548 
9550 9550 9554 9556 9556 9556 9558 9562 9562 9564 9565 9567 9568 9570 9572 9572 9574 9575 9577 9577 9577 9578 9580 9581 9582 9586 9588 9589 9590 9591 9591 9594 9596 9597 9601 9601 9604 9606 9610 9612 9614 9624 9626 9629 9635 9635 9636 9637 9638 9642 
9645 9645 9646 9647 9649 9650 9652 9653 9656 9656 9659 9659 9659 9660 9660 9662 9662 9662 9663 9665 9665 9666 9666 9670 9672 9673 9673 9674 9674 9674 9676 9677 9677 9680 9681 9681 9684 9684 9686 9687 9688 9689 9689 9691 9692 9693 9693 9694 9695 9700 
9700 9701 9704 9704 9705 9708 9708 9711 9713 9717 9717 9720 9722 9722 9724 9725 9725 9727 9730 9732 9733 9734 9734 9737 9737 9743 9744 9744 9744 9745 9749 9751 9752 9753 9753 9753 9753 9755 9756 9756 9759 9760 9760 9761 9763 9764 9766 9767 9771 9772 
9774 9774 9776 9776 9778 9784 9787 9789 9792 9794 9794 9795 9798 9802 9802 9803 9804 9805 9805 9806 9806 9807 9810 9815 9818 9818 9823 9823 9824 9825 9827 9830 9831 9831 9832 9834 9836 9841 9845 9845 9855 9857 9862 9868 9869 9869 9872 9872 9872 9878 
9878 9881 9883 9883 9885 9889 9889 9890 9891 9891 9892 9893 9893 9893 9894 9898 9900 9905 9906 9909 9910 9911 9911 9912 9913 9918 9918 9927 9929 9932 9934 9935 9936 9936 9936 9937 9938 9942 9942 9945 9947 9949 9950 9951 9953 9957 9958 9960 9961 9966 
9969 9973 9974 9974 9977 9978 9981 9983 9983 9984 9984 9984 9984 9985 9985 9986 9988 9990 9991 9993 9994 9996 9999 10000 10001 10002 10006 10007 10008 10009 10009 10010 10010 10014 10014 10016 10018 10019 10019 10020 10021 10021 10023 10024 10025 10026 10027 10031 10032 10033 
10034 10035 10036 10038 10041 10042 10044 10044 10047 10052 10052 10053 10054 10055 10062 10065 10069 10070 10073 10074 10074 10075 10076 10079 10083 10085 10086 10087 10087 10089 10090 10092 10092 10094 10095 10102 10105 10108 10108 10108 10112 10112 10113 10114 10115 10116 10118 10119 10122 10122 
10122 10124 10124 10124 10131 10132 10132 10137 10138 10139 10140 10142 10144 10145 10145 10148 10148 10150 10151 10152 10154 10154 10155 10160 10163 10165 10166 10166 10168 10168 10169 10170 10171 10173 10175 10176 10177 10179 10181 10183 10183 10185 10188 10188 10188 10188 10190 10192 10197 10200 
10200 10200 10201 10203 10207 10208 10209 10210 10211 10211 10215 10216 10218 10220 10221 10222 10223 10225 10226 10227 10228 10228 10228 10229 10229 10231 10231 10233 10236 10237 10237 10242 10244 10244 10245 10248 10248 10250 10251 10251 10252 10253 10257 10260 10263 10271 10273 10277 10279 10279 
10281 10281 10281 10283 10284 10286 10286 10287 10287 10287 10289 10289 10290 10290 10291 10299 10299 10305 10308 10308 10312 10313 10314 10314 10314 10318 10320 10321 10322 10322 10324 10325 10332 10334 10337 10337 10338 10338 10342 10345 10345 10347 10352 10352 10355 10355 10356 10357 10359 10360 
10362 10365 10367 10369 10370 10370 10374 10375 10377 10378 10378 10379 10379 10380 10382 10382 10385 10386 10388 10391 10394 10394 10398 10400 10401 10401 10403 10406 10408 10408 10410 10412 10415 10417 10419 10419 10421 10424 10425 10427 10428 10430 10431 10431 10433 10434 10436 10436 10437 10437 
10441 10442 10442 10443 10447 10447 10449 10450 10452 10456 10458 10458 10460 10461 10462 10464 10465 10465 10466 10472 10472 10475 10476 10478 10482 10486 10486 10486 10488 10498 10499 10500 10503 10505 10508 10510 10512 10512 10513 10513 10517 10519 10519 10520 10520 10521 10524 10525 10525 10526 
10527 10530 10531 10531 10532 10535 10535 10535 10537 10539 10539 10540 10540 10545 10546 10548 10548 10549 10558 10561 10562 10565 10565 10565 10568 10571 10573 10575 10575 10576 10578 10582 10585 10587 10589 10589 10591 10593 10597 10597 10599 10603 10604 10605 10605 10606 10607 10611 10611 10612 
10612 10616 10617 10617 10619 10619 10621 10622 10624 10626 10627 10629 10630 10632 10638 10641 10646 10647 10649 10651 10651 10653 10654 10656 10658 10658 10658 10661 10661 10662 10664 10665 10666 10669 10673 10674 10675 10675 10675 10676 10680 10682 10683 10685 10685 10685 10686 10686 10688 10689 
10692 10694 10694 10696 10699 10700 10702 10702 10703 10704 10704 10704 10708 10708 10712 10712 10713 10713 10713 10714 10716 10718 10719 10719 10720 10720 10733 10735 10736 10737 10739 10741 10742 10745 10745 10749 10753 10753 10755 10757 10760 10761 10761 10761 10766 10767 10769 10772 10772 10773 
10774 10775 10777 10779 10781 10783 10783 10784 10786 10789 10789 10791 10793 10794 10796 10799 10799 10801 10802 10802 10803 10804 10804 10806 10807 10807 10808 10814 10814 10817 10818 10819 10819 10823 10823 10823 10823 10824 10826 10827 10830 10832 10834 10835 10835 10836 10839 10840 10841 10845 
10847 10849 10852 10855 10855 10857 10859 10864 10867 10869 10870 10872 10872 10872 10873 10878 10879 10880 10881 10886 10886 10887 10888 10890 10892 10892 10893 10893 10893 10894 10897 10899 10903 10905 10908 10908 10910 10911 10911 10913 10915 10916 10918 10921 10923 10925 10926 10929 10932 10934 
10936 10936 10936 10937 10937 10939 10939 10939 10941 10943 10945 10946 10948 10948 10951 10958 10959 10959 10960 10962 10964 10965 10965 10966 10968 10968 10969 10969 10971 10972 10973 10979 10981 10985 10988 10989 10990 10996 10996 10997 10998 10998 11003 11004 11005 11006 11008 11009 11010 11012 
11013 11016 11018 11018 11018 11025 11025 11026 11027 11031 11032 11032 11033 11037 11041 11042 11045 11048 11049 11054 11055 11057 11059 11060 11067 11067 11069 11073 11073 11076 11076 11078 11078 11078 11081 11083 11083 11084 11086 11088 11088 11089 11094 11095 11095 11096 11098 11099 11102 11104 
11105 11106 11107 11107 11110 11110 11110 11110 11111 11114 11114 11119 11119 11121 11121 11122 11123 11127 11127 11128 11129 11129 11129 11129 11130 11133 11134 11137 11140 11140 11142 11142 11142 11143 11147 11147 11148 11148 11149 11150 11153 11155 11155 11155 11155 11156 11157 11160 11163 11166 
11166 11169 11173 11174 11176 11177 11180 11181 11185 11187 11191 11194 11194 11196 11197 11202 11203 11204 11205 11206 11207 11209 11211 11211 11212 11213 11214 11219 11220 11222 11226 11228 11230 11231 11231 11233 11233 11234 11236 11237 11237 11242 11247 11249 11249 11250 11252 11254 11256 11262 
11262 11263 11265 11267 11267 11268 11274 11274 11278 11278 11281 11282 11282 11283 11289 11289 11290 11291 11292 11293 11294 11297 11297 11298 11301 11302 11302 11304 11305 11305 11308 11311 11311 11311 11313 11314 11319 11320 11320 11321 11321 11321 11321 11323 11323 11323 11323 11325 11326 11327 
11328 11331 11333 11338 11342 11344 11350 11351 11352 11352 11354 11355 11355 11356 11361 11362 11362 11363 11363 11365 11372 11375 11376 11382 11382 11385 11386 11387 11387 11391 11392 11393 11394 11395 11396 11398 11398 11398 11399 11401 11401 11402 11402 11403 11408 11410 11410 11413 11415 11420 
11423 11423 11424 11425 11428 11429 11431 11432 11432 11433 11433 11434 11435 11435 11440 11442 11443 11445 11447 11448 11448 11450 11451 11452 11452 11454 11454 11454 11455 11456 11456 11457 11457 11458 11462 11464 11466 11467 11468 11471 11471 11472 11472 11477 11477 11479 11479 11480 11481 11481 
11481 11487 11487 11488 11491 11494 11498 11498 11506 11512 11515 11517 11518 11519 11519 11520 11520 11520 11521 11524 11525 11526 11527 11527 11530 11530 11533 11535 11535 11538 11539 11539 11539 11541 11543 11546 11546 11548 11548 11549 11550 11551 11553 11560 11561 11563 11564 11565 11566 11568 
11571 11575 11581 11583 11584 11589 11594 11596 11596 11597 11598 11601 11605 11607 11608 11610 11611 11611 11615 11617 11617 11618 11619 11620 11620 11621 11621 11623 11626 11629 11629 11629 11630 11634 11637 11638 11640 11641 11645 11646 11648 11651 11654 11654 11654 11656 11656 11662 11663 11663 
11667 11667 11667 11669 11672 11673 11673 11675 11676 11678 11678 11679 11685 11685 11686 11686 11688 11690 11691 11691 11693 11694 11695 11698 11700 11700 11701 11702 11702 11702 11702 11703 11703 11709 11709 11710 11710 11713 11714 11714 11715 11719 11719 11723 11726 11729 11729 11731 11732 11732 
11732 11736 11737 11737 11737 11737 11739 11739 11742 11743 11744 11745 11745 11745 11749 11749 11754 11754 11755 11760 11760 11761 11761 11770 11771 11771 11775 11776 11776 11778 11778 11778 11778 11780 11783 11784 11785 11785 11787 11787 11788 11790 11793 11795 11795 11796 11797 11801 11804 11805 
11805 11807 11808 11809 11811 11812 11816 11817 11818 11819 11820 11821 11824 11827 11829 11831 11831 11832 11832 11833 11835 11835 11839 11839 11844 11844 11847 11848 11849 11849 11849 11851 11852 11853 11854 11856 11859 11860 11861 11863 11864 11865 11869 11869 11870 11871 11872 11873 11877 11877 
11879 11880 11884 11886 11887 11889 11891 11891 11892 11896 11898 11899 11902 11905 11909 11910 11914 11915 11916 11917 11917 11918 11918 11921 11925 11925 11928 11929 11929 11930 11931 11932 11932 11933 11936 11940 11941 11946 11947 11949 11952 11955 11957 11958 11959 11960 11960 11960 11961 11963 
11965 11966 11968 11968 11969 11969 11969 11971 11972 11972 11973 11977 11978 11978 11979 11984 11984 11987 11988 11990 11993 11994 11994 11996 11997 11998 11999 11999 12002 12002 12002 12003 12003 12006 12006 12008 12015 12018 12019 12019 12019 12020 12020 12021 12022 12022 12022 12023 12024 12025 
12027 12029 12029 12030 12032 12033 12034 12043 12049 12053 12056 12058 12062 12063 12063 12065 12065 12067 12068 12068 12070 12070 12072 12074 12075 12076 12078 12078 12080 12081 12083 12083 12085 12087 12090 12090 12093 12093 12093 12093 12094 12096 12097 12098 12101 12102 12111 12114 12114 12114 
12117 12118 12119 12119 12122 12123 12124 12124 12125 12126 12127 12132 12133 12137 12138 12139 12143 12143 12145 12146 12150 12157 12158 12158 12159 12161 12164 12165 12169 12169 12171 12172 12176 12177 12178 12178 12179 12180 12181 12181 12184 12184 12185 12190 12192 12199 12201 12201 12203 12203 
12204 12205 12206 12208 12208 12209 12209 12209 12212 12212 12213 12213 12213 12213 12214 12214 12215 12216 12216 12219 12221 12221 12222 12223 12223 12226 12228 12229 12232 12233 12234 12238 12238 12242 12246 12246 12247 12249 12249 12252 12256 12260 12260 12264 12265 12265 12266 12268 12269 12269 
12271 12272 12272 12275 12275 12276 12278 12278 12280 12285 12286 12286 12288 12289 12292 12292 12295 12296 12300 12305 12306 12307 12308 12310 12311 12312 12312 12314 12315 12317 12317 12321 12324 12326 12328 12329 12332 12333 12337 12338 12340 12340 12342 12343 12346 12346 12349 12350 12351 12351 
12351 12354 12358 12358 12358 12359 12362 12364 12364 12364 12364 12365 12368 12369 12374 12377 12378 12378 12379 12387 12390 12391 12396 12397 12401 12404 12409 12410 12412 12414 12414 12417 12418 12420 12421 12421 12423 12426 12427 12427 12429 12429 12430 12431 12434 12434 12435 12440 12442 12442 
12442 12449 12450 12454 12456 12457 12458 12458 12460 12462 12462 12463 12465 12466 12469 12475 12475 12476 12479 12479 12482 12486 12488 12488 12490 12491 12493 12494 12495 12495 12498 12499 12499 12500 12502 12505 12505 12505 12507 12512 12514 12517 12519 12519 12521 12521 12524 12525 12527 12529 
12531 12535 12535 12538 12539 12539 12541 12543 12544 12546 12547 12548 12549 12549 12549 12550 12551 12552 12553 12555 12555 12556 12558 12559 12560 12560 12565 12567 12567 12567 12568 12574 12576 12578 12579 12580 12580 12582 12583 12584 12584 12587 12595 12596 12597 12599 12602 12605 12605 12606 
12609 12609 12610 12610 12612 12613 12614 12617 12619 12619 12620 12620 12621 12623 12624 12628 12629 12631 12631 12632 12635 12635 12636 12637 12640 12643 12644 12645 12646 12647 12647 12648 12648 12648 12649 12650 12651 12653 12654 12655 12656 12657 12658 12659 12660 12660 12661 12665 12667 12671 
12678 12679 12679 12681 12683 12683 12685 12686 12689 12690 12692 12694 12694 12695 12696 12697 12699 12703 12703 12706 12709 12711 12712 12714 12716 12717 12717 12718 12721 12722 12722 12722 12723 12725 12725 12725 12727 12728 12731 12731 12732 12735 12737 12738 12741 12744 12751 12752 12754 12755 
12757 12760 12760 12761 12762 12765 12766 12770 12772 12773 12777 12782 12785 12786 12788 12788 12791 12791 12792 12792 12792 12794 12796 12797 12799 12801 12802 12802 12804 12806 12806 12806 12812 12814 12814 12815 12817 12826 12828 12828 12831 12833 12833 12833 12834 12836 12836 12837 12844 12845 
12845 12847 12848 12848 12850 12851 12852 12853 12854 12855 12856 12858 12860 12862 12865 12867 12867 12868 12869 12869 12870 12874 12874 12876 12878 12878 12884 12886 12888 12891 12891 12892 12894 12895 12896 12898 12899 12900 12907 12907 12909 12910 12910 12912 12913 12915 12919 12919 12920 12920 
12921 12921 12922 12923 12926 12927 12929 12930 12931 12932 12934 12939 12940 12942 12942 12944 12945 12946 12946 12946 12947 12948 12951 12952 12953 12955 12957 12964 12965 12968 12969 12971 12973 12979 12983 12987 12987 12988 12988 12989 12991 12993 12996 12997 12998 13002 13004 13006 13006 13006 
13007 13008 13008 13009 13010 13010 13012 13016 13018 13018 13019 13020 13020 13024 13028 13037 13038 13039 13039 13042 13044 13044 13046 13053 13054 13056 13057 13060 13061 13061 13061 13062 13062 13062 13065 13067 13072 13074 13078 13080 13081 13082 13082 13083 13084 13085 13089 13089 13092 13093 
13093 13095 13096 13097 13103 13109 13114 13114 13115 13116 13117 13117 13117 13122 13124 13125 13130 13131 13132 13135 13137 13137 13138 13140 13140 13144 13145 13146 13150 13150 13153 13154 13155 13156 13160 13161 13163 13165 13169 13169 13169 13170 13171 13173 13174 13174 13175 13175 13178 13178 
13179 13184 13184 13188 13189 13189 13190 13190 13190 13190 13191 13192 13193 13193 13194 13196 13196 13197 13198 13199 13200 13201 13202 13203 13204 13204 13208 13213 13213 13215 13218 13218 13219 13221 13224 13225 13229 13229 13234 13237 13238 13240 13242 13242 13243 13249 13250 13251 13252 13252 
13253 13254 13256 13257 13259 13261 13264 13266 13267 13272 13273 13274 13275 13275 13277 13279 13279 13279 13280 13281 13281 13282 13283 13286 13286 13289 13290 13291 13292 13295 13296 13298 13299 13302 13302 13308 13308 13309 13310 13312 13313 13313 13313 13313 13316 13317 13318 13320 13323 13332 
13332 13332 13333 13334 13334 13336 13337 13340 13342 13342 13343 13343 13343 13344 13345 13347 13352 13352 13357 13358 13358 13360 13362 13363 13363 13363 13363 13367 13368 13370 13373 13373 13374 13374 13378 13379 13385 13385 13388 13389 13389 13391 13392 13396 13396 13396 13397 13397 13406 13407 
13407 13409 13411 13413 13413 13415 13415 13416 13416 13417 13419 13423 13424 13427 13429 13429 13431 13432 13433 13434 13435 13435 13442 13443 13445 13447 13448 13449 13450 13453 13453 13453 13454 13454 13457 13459 13459 13460 13462 13464 13468 13469 13470 13471 13473 13473 13473 13474 13474 13478 
13479 13481 13482 13483 13483 13484 13484 13486 13487 13489 13491 13492 13495 13497 13498 13501 13502 13502 13504 13505 13508 13509 13512 13513 13514 13516 13517 13517 13518 13519 13520 13522 13527 13529 13529 13531 13535 13535 13535 13536 13537 13537 13538 13544 13546 13554 13556 13558 13560 13561 
13565 13567 13568 13569 13570 13571 13571 13572 13574 13574 13576 13578 13578 13583 13584 13584 13587 13588 13589 13591 13593 13594 13597 13597 13598 13598 13599 13599 13602 13603 13603 13605 13606 13606 13607 13609 13609 13611 13613 13616 13616 13617 13621 13621 13621 13622 13623 13629 13631 13634 
13635 13639 13639 13640 13641 13643 13643 13643 13645 13648 13650 13650 13651 13651 13653 13657 13660 13664 13664 13665 13665 13669 13675 13678 13678 13678 13679 13680 13686 13688 13690 13697 13698 13706 13707 13707 13710 13717 13717 13719 13724 13724 13726 13726 13727 13728 13728 13729 13730 13730 
13731 13732 13735 13735 13737 13742 13744 13745 13746 13749 13753 13755 13756 13756 13757 13758 13759 13763 13767 13767 13770 13772 13774 13780 13781 13783 13783 13784 13784 13786 13787 13788 13794 13795 13795 13799 13800 13803 13805 13805 13806 13806 13807 13808 13808 13811 13812 13815 13815 13815 
13817 13817 13820 13821 13823 13826 13826 13828 13829 13829 13833 13835 13836 13839 13841 13841 13844 13845 13845 13847 13847 13849 13849 13850 13851 13851 13851 13852 13857 13861 13863 13865 13865 13865 13869 13870 13871 13872 13876 13876 13881 13884 13885 13887 13889 13892 13892 13892 13892 13892 
13894 13895 13898 13898 13899 13901 13901 13904 13905 13905 13907 13907 13907 13907 13907 13908 13910 13914 13918 13920 13923 13924 13925 13925 13929 13932 13933 13933 13934 13934 13937 13938 13941 13942 13943 13945 13950 13950 13951 13951 13951 13956 13957 13961 13967 13968 13969 13971 13975 13976 
13977 13984 13987 13991 13994 13994 13995 13996 13996 13998 13999 14001 14002 14003 14008 14009 14011 14014 14015 14019 14019 14020 14021 14021 14023 14023 14023 14027 14027 14029 14030 14031 14032 14033 14035 14038 14039 14041 14043 14050 14051 14052 14054 14055 14055 14055 14057 14058 14060 14061 
14063 14064 14064 14065 14065 14067 14067 14067 14067 14072 14073 14074 14074 14075 14075 14079 14081 14081 14087 14088 14091 14091 14094 14095 14096 14097 14097 14099 14103 14103 14103 14104 14104 14107 14107 14108 14110 14112 14112 14115 14119 14119 14122 14124 14124 14125 14126 14128 14130 14130 
14133 14135 14135 14135 14138 14143 14145 14147 14148 14149 14154 14156 14156 14158 14158 14160 14163 14164 14165 14165 14166 14169 14173 14173 14174 14175 14177 14180 14182 14182 14186 14187 14187 14188 14190 14196 14200 14203 14204 14205 14206 14207 14207 14210 14212 14214 14216 14221 14224 14224 
14226 14230 14232 14233 14234 14237 14237 14239 14241 14241 14244 14246 14248 14249 14249 14250 14252 14252 14252 14258 14262 14266 14266 14269 14270 14270 14270 14271 14272 14276 14280 14281 14285 14286 14291 14296 14300 14300 14302 14305 14306 14308 14309 14314 14315 14316 14319 14320 14324 14326 
14330 14331 14332 14334 14334 14335 14336 14337 14339 14344 14345 14346 14346 14347 14351 14353 14353 14355 14357 14357 14358 14359 14359 14361 14363 14364 14364 14365 14365 14365 14366 14366 14370 14370 14372 14374 14375 14378 14379 14382 14382 14389 14392 14393 14396 14396 14399 14404 14404 14405 
14406 14409 14411 14411 14414 14416 14418 14420 14420 14421 14422 14424 14425 14426 14426 14430 14430 14434 14438 14439 14442 14445 14445 14449 14449 14450 14450 14451 14454 14454 14455 14456 14456 14456 14461 14461 14463 14467 14469 14471 14472 14472 14474 14478 14479 14484 14486 14487 14488 14489 
14490 14491 14492 14493 14493 14493 14495 14496 14499 14499 14499 14502 14503 14506 14507 14508 14508 14508 14508 14513 14514 14515 14517 14522 14523 14523 14523 14528 14531 14531 14532 14532 14532 14533 14534 14535 14535 14536 14537 14540 14543 14544 14544 14548 14548 14551 14552 14556 14558 14559 
14560 14562 14566 14566 14566 14567 14568 14570 14570 14571 14578 14579 14583 14584 14584 14586 14590 14592 14595 14599 14602 14603 14604 14605 14607 14608 14612 14612 14614 14615 14617 14617 14619 14621 14622 14622 14627 14634 14635 14641 14647 14648 14652 14653 14653 14656 14657 14661 14662 14664 
14668 14669 14672 14674 14676 14679 14683 14689 14692 14695 14696 14697 14704 14705 14705 14711 14712 14712 14715 14717 14719 14719 14720 14720 14722 14724 14729 14730 14731 14736 14736 14737 14738 14738 14740 14744 14744 14745 14747 14749 14750 14750 14754 14755 14761 14765 14767 14768 14768 14769 
14769 14772 14772 14779 14781 14782 14784 14784 14784 14784 14786 14786 14787 14787 14790 14790 14791 14792 14794 14795 14796 14797 14797 14798 14799 14801 14805 14808 14809 14809 14811 14812 14814 14816 14818 14819 14820 14823 14826 14826 14827 14828 14828 14829 14830 14831 14835 14836 14837 14837 
14837 14837 14842 14842 14843 14844 14844 14844 14846 14847 14847 14849 14851 14851 14853 14853 14853 14854 14855 14856 14856 14858 14859 14860 14861 14863 14866 14871 14876 14876 14877 14878 14880 14885 14885 14887 14888 14892 14898 14902 14907 14909 14910 14910 14920 14921 14923 14924 14925 14928 
14935 14935 14936 14939 14940 14943 14944 14945 14945 14945 14946 14947 14948 14950 14955 14955 14956 14958 14960 14960 14960 14960 14960 14961 14962 14963 14964 14965 14966 14968 14969 14970 14971 14973 14976 14976 14977 14977 14983 14985 14986 14987 14988 14989 14990 14991 14994 14997 14997 14999 
15001 15002 15003 15005 15006 15013 15013 15014 15015 15019 15020 15021 15021 15025 15026 15027 15028 15029 15030 15032 15034 15034 15039 15041 15042 15050 15050 15050 15051 15051 15054 15057 15057 15061 15063 15069 15070 15070 15071 15072 15073 15075 15077 15079 15081 15084 15084 15085 15086 15086 
15087 15088 15091 15091 15092 15094 15098 15099 15101 15102 15103 15104 15105 15105 15107 15111 15118 15118 15119 15120 15120 15121 15122 15123 15124 15124 15125 15126 15127 15128 15128 15130 15130 15131 15131 15134 15135 15135 15135 15139 15139 15142 15142 15148 15149 15149 15150 15152 15158 15159 
15159 15160 15161 15163 15164 15164 15166 15168 15170 15171 15173 15174 15180 15181 15183 15183 15185 15186 15188 15190 15193 15194 15195 15196 15200 15200 15200 15202 15202 15204 15205 15206 15207 15208 15209 15213 15214 15219 15219 15220 15221 15221 15222 15225 15226 15227 15230 15231 15232 15232 
15233 15233 15233 15236 15237 15241 15242 15246 15246 15248 15248 15249 15250 15251 15251 15252 15256 15257 15258 15258 15260 15262 15262 15263 15265 15265 15272 15272 15276 15277 15280 15283 15283 15285 15286 15287 15287 15288 15289 15295 15296 15300 15301 15309 15309 15314 15315 15316 15321 15322 
15323 15325 15329 15331 15332 15334 15335 15338 15338 15340 15343 15343 15347 15348 15353 15355 15356 15358 15358 15359 15363 15365 15365 15371 15371 15375 15375 15375 15376 15382 15383 15391 15391 15391 15393 15393 15398 15400 15402 15405 15411 15417 15417 15419 15419 15419 15420 15424 15425 15425 
15427 15433 15433 15434 15435 15438 15438 15438 15441 15442 15443 15444 15447 15447 15448 15449 15451 15451 15452 15455 15457 15459 15460 15461 15462 15465 15465 15467 15467 15468 15469 15469 15472 15475 15478 15478 15478 15481 15482 15483 15484 15490 15490 15491 15492 15493 15497 15497 15499 15500 
15502 15502 15503 15508 15509 15512 15513 15516 15519 15523 15524 15527 15527 15527 15528 15529 15530 15533 15537 15539 15540 15541 15544 15544 15544 15546 15546 15547 15551 15553 15554 15555 15556 15561 15562 15562 15564 15565 15569 15570 15572 15573 15578 15584 15585 15589 15590 15590 15592 15596 
15598 15600 15600 15601 15605 15610 15615 15616 15617 15617 15618 15619 15620 15621 15622 15625 15627 15627 15628 15630 15634 15635 15643 15643 15645 15646 15649 15649 15649 15650 15651 15655 15657 15657 15658 15664 15665 15666 15666 15667 15669 15671 15674 15676 15681 15685 15687 15687 15688 15689 
15692 15692 15693 15695 15696 15696 15696 15697 15697 15702 15702 15707 15707 15710 15710 15710 15710 15710 15713 15713 15715 15715 15719 15720 15724 15726 15726 15727 15728 15730 15735 15740 15744 15744 15745 15745 15745 15748 15748 15754 15755 15755 15756 15759 15765 15765 15766 15767 15767 15767 
15770 15772 15773 15774 15775 15775 15775 15776 15776 15780 15783 15784 15785 15789 15790 15795 15798 15799 15799 15804 15806 15806 15808 15810 15813 15817 15819 15820 15822 15822 15823 15823 15826 15826 15826 15827 15828 15832 15832 15833 15836 15837 15839 15844 15844 15844 15844 15845 15846 15846 
15848 15848 15851 15851 15853 15853 15856 15857 15860 15864 15864 15865 15865 15867 15868 15869 15871 15873 15874 15875 15880 15880 15886 15887 15888 15898 15900 15901 15901 15905 15907 15910 15911 15912 15912 15914 15915 15915 15918 15918 15920 15924 15925 15926 15926 15926 15927 15928 15929 15932 
15933 15937 15939 15939 15941 15943 15943 15945 15946 15946 15947 15950 15951 15953 15954 15956 15957 15957 15957 15959 15959 15960 15961 15965 15967 15969 15970 15970 15971 15972 15977 15980 15980 15981 15981 15983 15985 15992 15992 15995 15997 15998 15999 15999 15999 16000 16000 16000 16001 16001 
16007 16009 16014 16015 16015 16017 16023 16023 16025 16027 16028 16028 16031 16031 16034 16034 16036 16039 16040 16041 16044 16046 16046 16047 16048 16051 16051 16052 16052 16056 16058 16058 16058 16059 16060 16060 16063 16063 16064 16066 16067 16067 16068 16069 16070 16074 16074 16075 16078 16078 
16079 16082 16086 16086 16086 16087 16089 16089 16089 16091 16092 16092 16094 16099 16100 16101 16106 16107 16108 16108 16109 16109 16116 16116 16116 16118 16123 16126 16127 16127 16128 16128 16131 16132 16136 16136 16138 16138 16138 16141 16145 16145 16147 16148 16149 16151 16155 16156 16158 16158 
16160 16163 16163 16164 16165 16166 16166 16167 16168 16168 16170 16171 16173 16174 16174 16180 16186 16188 16189 16190 16191 16191 16199 16202 16203 16204 16205 16206 16207 16208 16209 16212 16212 16212 16214 16216 16218 16219 16224 16225 16225 16227 16230 16235 16236 16237 16238 16238 16241 16243 
16251 16252 16252 16255 16256 16256 16256 16258 16260 16266 16266 16268 16269 16269 16271 16271 16272 16273 16273 16273 16274 16275 16276 16277 16281 16283 16284 16286 16287 16287 16288 16288 16290 16291 16292 16293 16295 16295 16297 16297 16298 16300 16304 16311 16311 16312 16313 16314 16317 16317 
16318 16319 16320 16324 16325 16325 16326 16326 16327 16331 16332 16335 16335 16338 16338 16339 16340 16342 16342 16347 16349 16350 16351 16352 16352 16352 16354 16355 16356 16356 16356 16357 16357 16358 16360 16362 16363 16366 16369 16369 16371 16374 16374 16375 16376 16377 16378 16379 16379 16381 
16383 16385 16385 16385 16388 16389 16390 16394 16394 16394 16394 16394 16395 16397 16398 16399 16401 16401 16402 16403 16406 16409 16409 16412 16413 16416 16419 16419 16419 16422 16422 16424 16431 16433 16437 16440 16440 16442 16443 16443 16443 16444 16451 16452 16453 16457 16457 16458 16459 16459 
16462 16467 16468 16470 16471 16471 16472 16478 16481 16482 16484 16486 16487 16487 16488 16491 16493 16494 16497 16498 16499 16500 16504 16505 16506 16507 16512 16513 16516 16518 16518 16525 16525 16527 16530 16539 16543 16543 16544 16545 16552 16553 16556 16559 16559 16561 16565 16566 16567 16569 
16569 16572 16574 16578 16578 16578 16579 16579 16579 16580 16581 16583 16584 16584 16585 16586 16589 16590 16595 16597 16600 16601 16602 16602 16604 16605 16606 16608 16618 16619 16620 16621 16622 16623 16623 16623 16637 16637 16638 16640 16643 16644 16648 16650 16654 16655 16658 16660 16660 16662 
16662 16663 16664 16664 16667 16675 16676 16676 16678 16680 16681 16682 16682 16683 16684 16685 16691 16693 16693 16699 16700 16702 16702 16702 16703 16703 16707 16710 16711 16712 16712 16714 16719 16719 16721 16722 16723 16724 16724 16725 16725 16727 16729 16729 16729 16730 16732 16735 16738 16740 
16742 16743 16743 16745 16748 16749 16750 16753 16754 16756 16761 16761 16761 16768 16769 16769 16771 16775 16775 16777 16780 16784 16785 16792 16796 16796 16798 16800 16802 16802 16803 16805 16805 16808 16809 16809 16810 16810 16810 16812 16812 16814 16816 16816 16817 16818 16819 16819 16822 16822 
16822 16823 16824 16825 16829 16829 16831 16832 16838 16838 16838 16840 16842 16843 16848 16850 16852 16854 16854 16855 16855 16860 16863 16863 16864 16866 16866 16867 16869 16869 16873 16875 16879 16879 16881 16882 16884 16884 16885 16886 16887 16890 16891 16895 16897 16899 16903 16904 16905 16905 
16905 16910 16912 16913 16917 16918 16924 16924 16927 16930 16934 16936 16936 16938 16941 16944 16946 16946 16946 16946 16949 16950 16952 16955 16956 16962 16966 16966 16966 16972 16972 16972 16973 16975 16976 16976 16978 16981 16984 16990 16990 16990 16991 16995 16995 16997 17000 17001 17005 17007 
17008 17010 17010 17011 17015 17019 17020 17024 17025 17026 17027 17027 17028 17028 17028 17029 17029 17031 17032 17034 17035 17035 17036 17036 17038 17041 17044 17044 17046 17048 17050 17050 17053 17057 17058 17061 17062 17070 17073 17073 17079 17079 17079 17080 17081 17082 17083 17084 17085 17086 
17088 17088 17090 17090 17092 17093 17094 17098 17099 17100 17100 17102 17103 17104 17105 17106 17107 17108 17108 17109 17110 17112 17112 17123 17124 17124 17126 17131 17132 17132 17134 17139 17142 17142 17143 17145 17148 17149 17150 17152 17153 17155 17156 17156 17157 17157 17159 17160 17161 17163 
17164 17164 17167 17169 17180 17180 17181 17181 17183 17185 17185 17185 17187 17191 17194 17194 17195 17196 17197 17198 17199 17202 17202 17206 17212 17212 17213 17214 17215 17217 17220 17220 17220 17221 17222 17222 17223 17223 17225 17226 17230 17230 17231 17233 17237 17238 17240 17241 17243 17243 
17245 17246 17246 17248 17248 17248 17249 17249 17250 17252 17253 17255 17255 17256 17258 17260 17261 17264 17265 17266 17267 17267 17269 17273 17274 17277 17277 17278 17278 17280 17281 17284 17290 17292 17293 17295 17299 17300 17309 17309 17309 17316 17317 17319 17320 17320 17321 17322 17322 17324 
17324 17325 17327 17328 17329 17329 17332 17333 17335 17336 17337 17337 17337 17338 17339 17339 17340 17341 17345 17346 17348 17348 17349 17350 17350 17353 17355 17357 17358 17360 17361 17361 17361 17364 17370 17372 17373 17374 17374 17375 17379 17381 17382 17386 17387 17388 17388 17389 17392 17392 
17396 17400 17407 17408 17408 17410 17413 17413 17418 17419 17422 17422 17423 17424 17426 17428 17435 17435 17436 17441 17441 17442 17442 17443 17443 17447 17451 17454 17455 17459 17462 17464 17465 17465 17466 17467 17471 17472 17474 17474 17480 17480 17482 17482 17486 17487 17491 17494 17494 17495 
17495 17496 17497 17498 17499 17503 17503 17504 17505 17506 17506 17507 17511 17511 17511 17515 17518 17519 17520 17522 17525 17526 17526 17530 17532 17533 17534 17538 17538 17539 17539 17541 17543 17546 17548 17549 17551 17551 17552 17553 17554 17561 17562 17563 17565 17566 17570 17571 17574 17574 
17577 17578 17578 17579 17580 17585 17585 17589 17589 17591 17592 17594 17597 17598 17598 17600 17603 17605 17606 17608 17616 17617 17618 17624 17626 17627 17627 17628 17630 17630 17634 17635 17637 17638 17638 17641 17644 17654 17656 17657 17657 17658 17661 17661 17663 17664 17667 17667 17668 17670 
17672 17679 17680 17680 17684 17684 17685 17686 17686 17688 17688 17689 17689 17691 17696 17697 17699 17701 17701 17703 17705 17706 17707 17708 17710 17710 17712 17713 17718 17720 17722 17722 17723 17726 17726 17732 17735 17737 17737 17740 17743 17743 17743 17744 17744 17745 17747 17748 17750 17750 
17758 17759 17761 17761 17763 17763 17764 17765 17765 17767 17768 17769 17771 17775 17776 17777 17778 17783 17786 17787 17790 17791 17792 17796 17798 17801 17802 17805 17806 17807 17807 17810 17812 17815 17816 17817 17817 17818 17818 17820 17820 17823 17830 17832 17833 17836 17837 17839 17844 17847 
17847 17849 17852 17855 17856 17859 17860 17860 17860 17861 17862 17865 17866 17867 17869 17873 17874 17876 17876 17879 17879 17881 17881 17882 17887 17887 17890 17891 17892 17901 17901 17901 17902 17903 17905 17908 17910 17911 17915 17917 17918 17918 17919 17923 17925 17926 17928 17931 17932 17933 
17933 17938 17939 17942 17942 17945 17946 17950 17951 17958 17958 17959 17959 17960 17963 17965 17966 17967 17970 17972 17974 17977 17987 17988 17994 17998 17998 18002 18006 18009 18010 18010 18013 18014 18014 18016 18018 18019 18020 18022 18023 18024 18024 18026 18032 18034 18034 18041 18041 18041 
18043 18045 18046 18048 18051 18057 18059 18060 18063 18064 18065 18067 18067 18068 18068 18075 18077 18078 18078 18080 18082 18084 18084 18085 18087 18089 18090 18092 18095 18096 18097 18097 18098 18100 18101 18108 18112 18114 18116 18117 18120 18120 18121 18121 18123 18125 18126 18128 18128 18130 
18132 18137 18138 18138 18140 18141 18142 18144 18144 18146 18148 18149 18152 18155 18156 18157 18163 18164 18167 18171 18175 18178 18178 18180 18182 18184 18184 18186 18187 18189 18191 18192 18197 18199 18202 18203 18211 18212 18216 18217 18219 18220 18221 18222 18226 18226 18226 18230 18230 18232 
18232 18235 18238 18238 18239 18243 18245 18248 18249 18250 18251 18251 18251 18253 18256 18259 18260 18261 18263 18263 18265 18267 18267 18268 18268 18270 18270 18277 18278 18279 18280 18281 18283 18284 18285 18285 18285 18286 18287 18289 18289 18291 18294 18295 18300 18302 18304 18305 18306 18308 
18308 18310 18310 18311 18311 18313 18315 18316 18317 18318 18319 18319 18320 18321 18322 18324 18329 18330 18333 18333 18335 18338 18342 18342 18342 18343 18344 18345 18347 18352 18355 18356 18358 18365 18368 18368 18370 18371 18371 18372 18373 18374 18376 18378 18379 18380 18380 18382 18384 18387 
18387 18393 18399 18400 18400 18400 18401 18402 18403 18404 18405 18407 18409 18412 18413 18413 18413 18419 18419 18424 18426 18426 18427 18428 18429 18431 18431 18432 18433 18434 18435 18438 18442 18446 18447 18448 18449 18449 18451 18455 18455 18456 18456 18456 18456 18456 18457 18458 18461 18461 
18462 18464 18466 18466 18467 18467 18468 18470 18473 18480 18480 18481 18482 18484 18485 18489 18490 18492 18493 18494 18497 18498 18502 18503 18505 18506 18518 18518 18519 18519 18519 18521 18521 18522 18527 18529 18531 18534 18534 18536 18536 18536 18537 18541 18542 18543 18545 18546 18547 18547 
18551 18553 18553 18554 18556 18558 18558 18559 18564 18566 18567 18567 18570 18571 18573 18575 18578 18582 18585 18586 18587 18588 18589 18590 18590 18593 18594 18597 18600 18601 18603 18604 18606 18607 18608 18613 18616 18618 18618 18621 18621 18621 18622 18623 18624 18626 18627 18629 18632 18632 
18635 18638 18638 18639 18643 18649 18650 18650 18652 18659 18659 18659 18662 18665 18666 18667 18669 18669 18670 18670 18671 18674 18675 18676 18677 18679 18683 18684 18684 18685 18686 18687 18689 18691 18692 18692 18692 18693 18695 18696 18698 18706 18708 18708 18710 18711 18712 18712 18714 18714 
18718 18723 18724 18725 18726 18726 18729 18730 18730 18731 18732 18734 18736 18736 18738 18740 18741 18742 18744 18745 18748 18754 18754 18754 18755 18756 18758 18759 18761 18761 18762 18764 18765 18766 18776 18776 18777 18784 18789 18792 18794 18797 18804 18804 18805 18808 18809 18814 18818 18819 
18823 18826 18828 18828 18830 18831 18832 18832 18832 18833 18836 18836 18836 18846 18848 18848 18848 18849 18850 18850 18851 18851 18852 18853 18856 18858 18861 18862 18863 18869 18878 18878 18878 18879 18880 18881 18881 18881 18883 18884 18885 18889 18889 18890 18892 18896 18897 18898 18900 18902 
18904 18905 18906 18906 18908 18908 18909 18913 18913 18915 18916 18916 18917 18918 18925 18927 18927 18928 18929 18929 18929 18929 18929 18932 18938 18938 18940 18940 18942 18943 18948 18949 18949 18950 18953 18955 18958 18959 18960 18960 18960 18960 18961 18962 18966 18967 18970 18973 18977 18979 
18981 18981 18981 18989 18991 18991 18993 18995 18996 18999 18999 19000 19002 19002 19003 19006 19007 19008 19008 19008 19010 19013 19014 19015 19019 19020 19021 19021 19024 19025 19027 19031 19031 19036 19037 19037 19039 19039 19040 19041 19043 19044 19045 19047 19048 19051 19052 19052 19052 19053 
19054 19056 19061 19062 19063 19065 19066 19066 19067 19067 19067 19070 19070 19072 19072 19075 19079 19082 19082 19083 19088 19088 19093 19093 19093 19100 19103 19105 19105 19105 19107 19108 19109 19109 19110 19110 19111 19113 19114 19119 19121 19124 19126 19128 19130 19133 19137 19138 19139 19139 
19142 19142 19143 19144 19146 19147 19150 19150 19150 19153 19157 19158 19160 19161 19164 19166 19166 19166 19167 19169 19169 19170 19175 19180 19181 19182 19184 19186 19189 19189 19193 19196 19198 19198 19199 19200 19201 19201 19202 19202 19203 19203 19205 19205 19209 19212 19213 19213 19218 19222 
19225 19225 19229 19230 19231 19233 19237 19238 19238 19239 19239 19241 19247 19249 19250 19251 19255 19255 19256 19258 19260 19260 19261 19262 19263 19264 19267 19267 19267 19271 19276 19278 19280 19282 19283 19283 19283 19289 19291 19292 19294 19294 19296 19296 19297 19300 19300 19304 19305 19305 
19306 19307 19308 19309 19312 19313 19313 19314 19318 19321 19321 19322 19323 19326 19326 19327 19331 19333 19333 19334 19336 19336 19336 19341 19341 19341 19342 19343 19343 19343 19344 19345 19348 19348 19349 19352 19359 19362 19365 19367 19368 19368 19369 19373 19377 19378 19378 19378 19382 19385 
19389 19391 19395 19400 19401 19401 19407 19407 19407 19410 19413 19417 19418 19420 19421 19422 19422 19422 19424 19426 19430 19432 19434 19434 19434 19435 19437 19438 19438 19439 19442 19443 19443 19444 19444 19444 19446 19448 19450 19451 19455 19455 19457 19457 19460 19462 19463 19463 19465 19467 
19469 19470 19470 19473 19474 19480 19480 19483 19484 19484 19484 19485 19492 19493 19493 19496 19498 19503 19505 19506 19508 19508 19509 19509 19511 19512 19513 19515 19515 19517 19523 19525 19530 19531 19532 19533 19535 19537 19538 19541 19544 19547 19548 19553 19553 19558 19564 19565 19565 19567 
19570 19572 19572 19572 19573 19574 19574 19575 19578 19578 19580 19585 19585 19586 19587 19587 19588 19588 19588 19589 19591 19591 19592 19596 19598 19599 19603 19606 19607 19607 19608 19608 19610 19611 19611 19613 19616 19618 19620 19622 19624 19624 19624 19625 19626 19627 19630 19630 19633 19633 
19635 19636 19638 19638 19640 19642 19642 19645 19646 19651 19652 19652 19653 19654 19654 19654 19656 19658 19659 19664 19665 19666 19666 19670 19670 19674 19677 19677 19679 19679 19680 19681 19681 19682 19683 19683 19685 19686 19686 19689 19689 19690 19692 19692 19692 19694 19694 19694 19696 19697 
19698 19698 19698 19699 19700 19700 19700 19704 19706 19707 19709 19712 19715 19719 19721 19723 19725 19725 19731 19731 19732 19733 19736 19736 19739 19740 19741 19742 19742 19744 19744 19745 19745 19745 19747 19748 19749 19750 19751 19752 19752 19753 19754 19758 19761 19764 19768 19771 19773 19775 
19775 19778 19783 19786 19787 19789 19790 19792 19794 19795 19795 19796 19797 19798 19798 19800 19802 19802 19807 19812 19813 19834 19840 19841 19843 19845 19846 19847 19849 19850 19850 19851 19852 19852 19853 19858 19860 19860 19863 19865 19868 19873 19876 19876 19879 19880 19882 19889 19890 19892 
19893 19894 19894 19896 19899 19902 19904 19905 19905 19905 19905 19908 19908 19911 19911 19912 19912 19913 19914 19916 19916 19917 19922 19923 19924 19927 19927 19929 19929 19931 19931 19934 19935 19935 19937 19938 19939 19940 19943 19945 19947 19949 19950 19954 19954 19955 19957 19958 19959 19960 
19961 19961 19962 19963 19963 19964 19964 19965 19965 19968 19969 19972 19973 19983 19985 19988 19988 19988 19989 19994 19995 19996 19999 19999 20000 20002 20002 20006 20006 20007 20007 20008 20009 20010 20010 20013 20018 20019 20019 20021 20022 20022 20024 20024 20026 20027 20028 20030 20030 20031 
20033 20034 20034 20035 20039 20040 20041 20041 20041 20042 20042 20043 20044 20047 20050 20056 20059 20060 20061 20062 20065 20066 20066 20068 20068 20078 20084 20084 20084 20087 20088 20088 20088 20091 20093 20094 20094 20096 20097 20098 20099 20102 20103 20104 20105 20106 20107 20109 20109 20110 
20111 20111 20112 20113 20114 20115 20117 20118 20121 20122 20122 20123 20124 20126 20129 20130 20146 20146 20150 20152 20155 20155 20155 20156 20156 20156 20156 20158 20162 20162 20163 20163 20163 20166 20168 20173 20174 20174 20176 20176 20178 20179 20180 20180 20181 20181 20182 20182 20183 20184 
20188 20188 20189 20190 20190 20192 20192 20193 20193 20194 20196 20201 20202 20202 20205 20207 20208 20209 20211 20212 20212 20213 20214 20217 20217 20221 20225 20225 20231 20233 20233 20235 20235 20236 20239 20241 20241 20242 20243 20251 20252 20255 20259 20262 20264 20266 20266 20268 20268 20268 
20269 20270 20271 20272 20275 20275 20275 20277 20277 20277 20278 20278 20280 20281 20282 20284 20286 20289 20291 20296 20299 20301 20302 20303 20304 20307 20312 20316 20319 20320 20321 20324 20325 20326 20327 20328 20329 20331 20332 20333 20335 20335 20335 20339 20340 20340 20340 20342 20344 20350 
20352 20352 20355 20355 20364 20372 20374 20377 20380 20383 20383 20386 20386 20390 20390 20391 20391 20394 20396 20397 20397 20398 20399 20400 20400 20405 20406 20409 20411 20417 20418 20421 20422 20423 20426 20426 20426 20428 20429 20430 20431 20436 20437 20439 20439 20442 20442 20443 20446 20448 
20448 20451 20457 20458 20462 20466 20466 20468 20470 20471 20472 20472 20478 20479 20480 20482 20483 20486 20491 20494 20495 20496 20499 20503 20505 20508 20509 20510 20515 20515 20518 20520 20520 20525 20525 20526 20526 20530 20531 20532 20535 20537 20538 20539 20539 20541 20541 20544 20547 20549 
20551 20551 20552 20553 20553 20553 20555 20556 20557 20560 20564 20564 20566 20569 20572 20573 20573 20574 20574 20579 20579 20581 20584 20585 20595 20595 20596 20597 20598 20600 20601 20605 20606 20609 20610 20610 20613 20613 20616 20616 20616 20621 20625 20630 20632 20632 20635 20637 20641 20641 
20641 20642 20644 20647 20647 20649 20651 20652 20653 20655 20659 20661 20662 20665 20665 20666 20667 20668 20668 20669 20669 20672 20674 20675 20676 20677 20679 20681 20681 20685 20685 20688 20689 20690 20693 20693 20695 20703 20711 20711 20713 20714 20715 20715 20715 20716 20717 20724 20725 20727 
20728 20734 20734 20736 20736 20736 20739 20741 20741 20743 20744 20754 20755 20755 20756 20758 20765 20766 20767 20768 20769 20769 20770 20771 20771 20773 20775 20776 20778 20778 20779 20783 20784 20785 20788 20789 20793 20793 20798 20799 20800 20802 20803 20804 20806 20809 20811 20812 20813 20814 
20815 20819 20820 20822 20822 20831 20832 20834 20835 20838 20847 20849 20849 20851 20852 20852 20852 20852 20853 20855 20855 20857 20858 20859 20861 20861 20862 20863 20871 20872 20872 20872 20872 20875 20878 20878 20880 20881 20882 20883 20883 20885 20885 20888 20888 20889 20894 20895 20899 20899 
20899 20899 20900 20904 20906 20907 20909 20915 20916 20920 20920 20922 20925 20928 20929 20935 20936 20938 20939 20939 20942 20948 20951 20951 20952 20955 20957 20957 20958 20959 20960 20960 20961 20966 20967 20972 20972 20972 20972 20975 20975 20975 20976 20981 20982 20982 20985 20985 20988 20989 
20989 20995 20996 20999 21003 21003 21007 21008 21009 21010 21011 21013 21013 21017 21018 21025 21025 21025 21028 21029 21029 21029 21031 21032 21035 21038 21040 21041 21042 21043 21046 21050 21052 21053 21054 21054 21055 21056 21062 21063 21067 21070 21070 21071 21072 21074 21074 21079 21080 21082 
21085 21085 21087 21097 21098 21098 21099 21099 21099 21100 21102 21103 21104 21104 21104 21106 21109 21112 21116 21117 21118 21124 21128 21131 21136 21138 21139 21139 21139 21146 21147 21147 21155 21158 21159 21162 21162 21162 21165 21166 21166 21168 21171 21174 21175 21177 21178 21181 21182 21182 
21183 21184 21188 21188 21189 21189 21190 21191 21194 21194 21196 21198 21199 21201 21203 21203 21205 21206 21207 21212 21214 21214 21216 21216 21220 21222 21230 21231 21232 21235 21236 21237 21237 21238 21239 21240 21241 21243 21249 21249 21251 21253 21257 21257 21257 21259 21259 21260 21262 21262 
21263 21264 21266 21266 21267 21267 21268 21269 21272 21272 21277 21278 21279 21283 21284 21284 21285 21287 21287 21290 21290 21294 21294 21294 21295 21299 21301 21303 21306 21309 21310 21311 21312 21313 21313 21313 21316 21316 21316 21319 21320 21320 21320 21321 21322 21322 21323 21324 21327 21327 
21329 21330 21331 21331 21334 21338 21341 21345 21345 21345 21349 21355 21357 21358 21359 21361 21361 21362 21365 21366 21368 21370 21372 21373 21375 21375 21376 21382 21383 21383 21385 21386 21387 21387 21387 21390 21391 21392 21392 21393 21393 21401 21402 21402 21403 21403 21403 21404 21407 21407 
21407 21408 21408 21411 21413 21414 21414 21416 21424 21426 21427 21430 21432 21434 21434 21436 21444 21446 21446 21451 21452 21452 21455 21456 21459 21460 21461 21462 21463 21465 21470 21471 21472 21475 21479 21481 21481 21483 21488 21489 21489 21489 21491 21492 21493 21494 21498 21499 21500 21501 
21503 21504 21505 21508 21511 21513 21513 21514 21520 21521 21523 21524 21525 21527 21527 21528 21531 21534 21538 21539 21539 21539 21540 21540 21541 21543 21546 21546 21547 21547 21547 21549 21549 21550 21550 21552 21553 21554 21554 21554 21559 21560 21560 21560 21562 21564 21565 21568 21571 21572 
21573 21573 21574 21574 21575 21576 21578 21579 21581 21583 21583 21588 21588 21591 21591 21598 21598 21599 21599 21605 21606 21610 21611 21611 21615 21615 21615 21615 21617 21619 21619 21623 21625 21625 21629 21630 21631 21633 21633 21634 21636 21640 21642 21644 21645 21648 21649 21650 21650 21651 
21652 21653 21655 21656 21656 21657 21659 21660 21660 21660 21661 21664 21664 21664 21666 21670 21670 21671 21671 21672 21673 21675 21676 21677 21677 21678 21679 21680 21682 21683 21686 21686 21686 21688 21689 21689 21691 21692 21694 21695 21700 21701 21701 21701 21703 21706 21707 21708 21711 21714 
21721 21721 21722 21722 21725 21726 21726 21730 21731 21732 21732 21732 21735 21736 21736 21737 21738 21738 21738 21741 21742 21742 21742 21744 21744 21744 21745 21746 21746 21747 21747 21748 21749 21751 21753 21755 21756 21759 21761 21761 21764 21765 21765 21765 21766 21766 21768 21768 21769 21769 
21770 21772 21772 21773 21776 21781 21784 21786 21786 21788 21790 21792 21794 21794 21795 21796 21797 21801 21805 21805 21806 21806 21806 21807 21807 21810 21810 21813 21815 21816 21816 21816 21817 21820 21821 21821 21822 21824 21824 21826 21827 21827 21828 21829 21838 21840 21840 21841 21841 21842 
21843 21845 21849 21849 21851 21852 21852 21853 21861 21862 21863 21863 21864 21866 21867 21869 21871 21871 21872 21872 21874 21875 21877 21877 21880 21880 21881 21882 21883 21885 21886 21889 21890 21892 21892 21892 21894 21895 21897 21899 21900 21901 21903 21906 21907 21907 21910 21911 21913 21913 
21913 21917 21919 21919 21920 21922 21925 21926 21926 21929 21933 21934 21937 21939 21939 21940 21945 21945 21946 21948 21949 21951 21958 21959 21964 21965 21968 21969 21969 21973 21973 21974 21974 21975 21976 21976 21977 21978 21980 21983 21985 21985 21990 21990 21991 21992 21993 21997 22004 22005 
22007 22009 22009 22009 22009 22010 22012 22013 22014 22016 22017 22018 22027 22027 22028 22028 22028 22029 22031 22031 22037 22038 22039 22039 22041 22042 22046 22046 22047 22048 22049 22050 22050 22057 22058 22061 22062 22063 22065 22066 22067 22069 22071 22072 22072 22073 22073 22074 22081 22084 
22084 22085 22085 22088 22090 22090 22091 22093 22094 22095 22096 22098 22100 22100 22100 22100 22100 22102 22105 22107 22108 22114 22114 22114 22115 22116 22118 22119 22119 22124 22126 22127 22131 22131 22134 22134 22134 22134 22135 22137 22138 22138 22139 22139 22139 22140 22141 22146 22148 22150 
22151 22157 22159 22159 22161 22162 22163 22164 22165 22166 22170 22170 22171 22171 22171 22172 22172 22173 22178 22179 22186 22190 22191 22196 22196 22199 22202 22205 22210 22213 22215 22218 22219 22219 22222 22222 22226 22227 22229 22229 22231 22232 22233 22234 22235 22236 22237 22238 22239 22239 
22240 22246 22246 22249 22249 22250 22250 22251 22253 22256 22259 22259 22263 22263 22267 22268 22270 22270 22274 22277 22278 22278 22278 22278 22279 22279 22280 22280 22282 22282 22282 22284 22284 22285 22287 22288 22290 22300 22302 22302 22306 22308 22309 22311 22312 22312 22314 22317 22318 22318 
22320 22320 22321 22322 22323 22323 22330 22330 22334 22335 22335 22337 22338 22340 22347 22347 22349 22350 22353 22358 22359 22359 22360 22363 22363 22363 22366 22368 22368 22373 22374 22377 22383 22383 22383 22384 22384 22394 22395 22396 22399 22400 22405 22408 22409 22410 22410 22413 22413 22414 
22416 22416 22416 22417 22417 22417 22421 22423 22424 22431 22432 22432 22435 22435 22437 22437 22438 22441 22441 22441 22442 22443 22456 22462 22463 22464 22466 22467 22472 22472 22472 22472 22473 22473 22474 22475 22476 22477 22477 22478 22479 22482 22487 22488 22490 22490 22492 22492 22493 22494 
22499 22500 22505 22506 22506 22506 22508 22512 22515 22516 22516 22517 22517 22524 22524 22525 22525 22526 22527 22527 22528 22528 22529 22529 22530 22534 22534 22536 22540 22541 22543 22545 22545 22547 22549 22551 22552 22552 22552 22552 22555 22555 22557 22559 22560 22560 22560 22560 22563 22566 
22573 22575 22577 22579 22581 22582 22582 22582 22584 22589 22591 22592 22593 22594 22596 22602 22606 22607 22609 22612 22616 22617 22620 22625 22625 22625 22628 22629 22629 22630 22633 22634 22640 22640 22641 22642 22642 22643 22644 22645 22645 22648 22649 22649 22650 22653 22656 22657 22659 22660 
22662 22663 22665 22665 22666 22667 22668 22671 22672 22672 22674 22674 22676 22677 22678 22678 22680 22681 22684 22684 22685 22685 22686 22687 22689 22689 22691 22693 22694 22694 22695 22696 22696 22699 22702 22703 22704 22707 22707 22709 22711 22712 22712 22712 22712 22714 22717 22717 22720 22721 
22723 22731 22734 22734 22734 22736 22736 22738 22738 22739 22740 22740 22741 22744 22744 22745 22746 22748 22748 22753 22754 22755 22756 22758 22758 22761 22761 22762 22762 22763 22766 22767 22768 22769 22770 22771 22772 22774 22776 22777 22777 22777 22779 22780 22780 22781 22781 22782 22782 22782 
22784 22789 22790 22792 22795 22803 22803 22805 22811 22815 22815 22816 22818 22819 22819 22820 22820 22821 22824 22825 22825 22827 22828 22833 22837 22840 22840 22840 22841 22841 22845 22845 22847 22848 22848 22852 22853 22853 22854 22855 22856 22857 22858 22859 22861 22863 22864 22866 22866 22868 
22868 22877 22878 22879 22879 22881 22888 22889 22892 22895 22895 22897 22903 22903 22907 22907 22907 22907 22908 22908 22908 22908 22908 22909 22911 22913 22913 22915 22916 22918 22920 22921 22924 22925 22926 22927 22928 22930 22936 22937 22940 22941 22942 22943 22943 22943 22944 22947 22948 22948 
22950 22955 22956 22960 22962 22964 22966 22970 22973 22974 22976 22976 22979 22981 22982 22984 22987 22987 23000 23001 23007 23008 23013 23014 23014 23014 23016 23018 23018 23019 23020 23022 23022 23026 23026 23034 23035 23036 23038 23039 23041 23041 23042 23044 23045 23047 23047 23051 23054 23054 
23055 23055 23055 23060 23062 23065 23065 23066 23066 23067 23068 23069 23069 23070 23071 23071 23072 23073 23074 23074 23082 23082 23082 23083 23084 23086 23087 23087 23088 23090 23090 23091 23092 23096 23097 23101 23102 23102 23103 23103 23104 23106 23106 23108 23109 23110 23115 23115 23117 23119 
23121 23128 23134 23134 23135 23136 23138 23142 23145 23148 23148 23150 23153 23154 23155 23155 23155 23155 23155 23156 23156 23157 23160 23164 23166 23167 23169 23174 23178 23178 23180 23180 23185 23185 23186 23186 23186 23188 23188 23188 23189 23192 23194 23194 23194 23195 23196 23196 23197 23197 
23202 23203 23203 23204 23204 23207 23208 23210 23214 23215 23216 23217 23217 23217 23217 23220 23223 23224 23226 23228 23228 23230 23232 23237 23237 23242 23242 23243 23245 23245 23246 23247 23247 23248 23249 23251 23255 23256 23260 23260 23262 23263 23268 23270 23271 23272 23276 23277 23278 23279 
23282 23287 23289 23289 23290 23297 23297 23298 23299 23299 23301 23301 23305 23306 23309 23309 23310 23313 23313 23314 23316 23318 23319 23319 23323 23327 23327 23329 23332 23334 23334 23337 23341 23342 23344 23347 23347 23347 23348 23351 23352 23353 23354 23354 23354 23357 23357 23357 23363 23363 
23364 23365 23365 23368 23369 23375 23376 23379 23381 23381 23384 23391 23391 23391 23391 23392 23393 23395 23397 23399 23399 23400 23401 23401 23405 23406 23407 23411 23414 23414 23416 23417 23419 23419 23420 23420 23421 23422 23422 23423 23426 23430 23433 23433 23439 23439 23440 23443 23444 23445 
23445 23449 23451 23453 23453 23454 23454 23457 23459 23460 23460 23462 23462 23464 23465 23465 23465 23466 23466 23468 23469 23473 23473 23475 23479 23479 23482 23484 23485 23487 23487 23492 23494 23497 23498 23500 23503 23503 23503 23504 23504 23507 23507 23508 23509 23509 23510 23510 23511 23513 
23513 23518 23519 23520 23522 23522 23523 23526 23528 23528 23528 23537 23538 23540 23540 23541 23546 23549 23550 23551 23552 23557 23558 23561 23562 23562 23563 23570 23573 23573 23577 23578 23580 23580 23582 23585 23585 23586 23588 23588 23589 23589 23589 23590 23592 23592 23594 23597 23598 23602 
23603 23603 23604 23609 23609 23609 23610 23611 23614 23616 23617 23617 23618 23619 23619 23619 23622 23625 23625 23625 23627 23627 23630 23630 23630 23632 23633 23641 23646 23646 23647 23647 23649 23650 23650 23653 23654 23654 23655 23655 23656 23656 23658 23658 23661 23661 23663 23664 23664 23665 
23677 23679 23680 23681 23681 23683 23686 23689 23689 23690 23690 23694 23697 23697 23698 23703 23704 23704 23705 23705 23706 23707 23709 23710 23711 23716 23717 23718 23719 23719 23720 23720 23720 23722 23723 23725 23726 23730 23730 23731 23731 23731 23733 23734 23738 23743 23743 23744 23745 23745 
23749 23754 23758 23758 23758 23759 23760 23761 23762 23763 23769 23770 23771 23771 23774 23774 23778 23778 23779 23779 23783 23783 23787 23790 23792 23794 23798 23799 23800 23807 23809 23809 23810 23812 23814 23816 23817 23818 23819 23819 23822 23823 23824 23824 23825 23827 23828 23837 23845 23848 
23849 23850 23853 23854 23854 23855 23858 23858 23864 23865 23865 23871 23873 23874 23877 23878 23880 23880 23884 23884 23886 23888 23888 23892 23896 23897 23898 23899 23900 23906 23908 23909 23909 23910 23910 23910 23916 23916 23916 23917 23917 23917 23918 23922 23922 23923 23923 23926 23928 23932 
23934 23936 23937 23937 23938 23941 23941 23944 23944 23945 23946 23946 23946 23949 23950 23950 23954 23959 23959 23961 23962 23963 23964 23964 23965 23965 23966 23969 23970 23974 23976 23976 23977 23979 23980 23982 23983 23983 23984 23985 23991 23992 23992 23993 23993 23994 23995 23996 23997 23997 
24002 24002 24009 24012 24015 24017 24017 24023 24024 24028 24028 24029 24029 24031 24032 24032 24034 24035 24039 24041 24044 24046 24046 24047 24048 24052 24052 24053 24054 24056 24058 24062 24064 24065 24066 24067 24067 24069 24076 24079 24079 24080 24082 24084 24085 24090 24091 24091 24093 24094 
24094 24096 24097 24098 24099 24100 24101 24103 24103 24104 24104 24105 24111 24111 24114 24115 24115 24117 24117 24117 24118 24121 24122 24123 24123 24124 24126 24128 24129 24132 24133 24135 24137 24139 24139 24140 24148 24148 24153 24154 24157 24159 24159 24160 24160 24160 24161 24161 24167 24175 
24175 24176 24179 24179 24179 24180 24182 24184 24185 24185 24187 24188 24190 24190 24194 24194 24196 24196 24198 24198 24198 24201 24203 24203 24203 24203 24208 24208 24209 24209 24211 24216 24220 24220 24222 24222 24222 24223 24225 24225 24225 24226 24226 24227 24227 24229 24233 24233 24234 24234 
24234 24235 24237 24237 24238 24242 24243 24244 24248 24248 24249 24249 24250 24250 24253 24253 24257 24259 24260 24261 24264 24266 24266 24268 24269 24271 24272 24276 24277 24279 24285 24286 24292 24293 24294 24297 24299 24303 24306 24308 24309 24310 24311 24314 24314 24315 24315 24315 24315 24317 
24320 24320 24323 24325 24325 24332 24334 24335 24335 24336 24336 24337 24337 24343 24345 24348 24348 24351 24351 24352 24352 24352 24355 24356 24358 24358 24359 24363 24371 24371 24372 24376 24378 24383 24384 24385 24388 24389 24390 24391 24391 24392 24392 24393 24396 24396 24399 24400 24401 24403 
24405 24405 24405 24406 24407 24408 24408 24410 24412 24413 24414 24414 24416 24419 24420 24420 24421 24422 24422 24422 24422 24423 24428 24430 24431 24432 24434 24434 24436 24436 24437 24441 24442 24442 24442 24443 24444 24445 24449 24451 24451 24453 24455 24457 24458 24459 24461 24462 24463 24463 
24466 24468 24472 24472 24478 24478 24479 24479 24479 24481 24482 24485 24489 24490 24490 24491 24492 24493 24494 24495 24497 24497 24500 24501 24502 24503 24511 24514 24515 24517 24517 24519 24519 24519 24524 24524 24526 24527 24534 24540 24543 24549 24550 24552 24554 24554 24557 24559 24559 24567 
24568 24569 24569 24571 24573 24573 24576 24579 24581 24582 24582 24582 24583 24584 24584 24590 24593 24593 24594 24595 24595 24596 24596 24597 24598 24600 24609 24609 24609 24611 24613 24614 24614 24614 24619 24619 24620 24624 24629 24630 24630 24631 24631 24632 24632 24633 24634 24634 24635 24637 
24638 24639 24640 24643 24648 24649 24650 24651 24652 24652 24652 24653 24654 24654 24657 24657 24658 24658 24660 24665 24668 24670 24672 24673 24674 24675 24675 24676 24686 24686 24686 24688 24689 24689 24690 24692 24694 24695 24695 24696 24699 24702 24705 24705 24706 24710 24712 24714 24717 24719 
24720 24721 24722 24725 24726 24727 24727 24737 24738 24740 24741 24741 24742 24744 24747 24748 24749 24751 24757 24758 24759 24760 24763 24767 24772 24774 24775 24776 24776 24778 24779 24779 24780 24786 24788 24788 24789 24794 24796 24801 24802 24805 24806 24808 24809 24809 24810 24813 24814 24814 
24815 24816 24819 24820 24821 24821 24823 24825 24826 24826 24829 24830 24831 24831 24833 24834 24834 24835 24836 24836 24837 24837 24838 24841 24842 24842 24843 24846 24846 24846 24847 24848 24850 24853 24856 24857 24857 24858 24863 24865 24867 24867 24868 24870 24871 24872 24872 24873 24874 24875 
24878 24879 24880 24881 24882 24882 24884 24886 24887 24889 24889 24890 24891 24892 24893 24894 24895 24903 24907 24907 24907 24908 24909 24910 24913 24914 24915 24917 24918 24920 24921 24922 24929 24930 24930 24934 24935 24938 24940 24944 24945 24945 24948 24949 24950 24950 24956 24971 24972 24973 
24974 24977 24977 24977 24978 24978 24981 24982 24982 24984 24984 24984 24985 24986 24991 24991 24992 24992 24993 24993 24994 24994 24995 24995 24997 25001 25003 25008 25008 25013 25014 25015 25020 25020 25022 25025 25026 25026 25028 25029 25029 25030 25031 25031 25032 25033 25033 25035 25036 25037 
25038 25040 25041 25042 25043 25044 25044 25045 25046 25047 25048 25049 25053 25055 25056 25056 25057 25060 25062 25063 25067 25071 25071 25074 25077 25078 25079 25081 25083 25085 25086 25088 25091 25091 25092 25093 25096 25097 25097 25097 25100 25100 25101 25105 25105 25105 25108 25108 25109 25109 
25115 25120 25121 25122 25126 25127 25129 25130 25130 25133 25135 25139 25141 25141 25143 25144 25150 25150 25152 25153 25154 25154 25156 25156 25157 25157 25160 25160 25161 25162 25162 25164 25165 25166 25166 25167 25168 25169 25170 25171 25172 25173 25174 25177 25177 25182 25187 25189 25189 25192 
25195 25195 25195 25196 25199 25200 25201 25203 25203 25206 25207 25207 25209 25210 25211 25212 25213 25215 25217 25220 25221 25224 25227 25228 25229 25229 25231 25233 25234 25236 25237 25237 25239 25241 25241 25242 25245 25246 25247 25247 25249 25252 25252 25255 25255 25255 25257 25258 25259 25260 
25262 25262 25263 25265 25266 25268 25271 25273 25278 25279 25281 25282 25285 25286 25288 25288 25293 25294 25296 25298 25298 25301 25307 25307 25311 25317 25320 25321 25323 25326 25326 25329 25329 25330 25333 25334 25340 25340 25343 25343 25345 25348 25348 25350 25352 25352 25353 25353 25354 25355 
25357 25359 25360 25365 25366 25367 25368 25369 25371 25372 25373 25374 25375 25377 25379 25381 25381 25382 25384 25385 25386 25387 25389 25390 25390 25391 25400 25401 25405 25405 25405 25408 25409 25409 25410 25410 25413 25413 25414 25414 25416 25419 25423 25425 25427 25427 25429 25430 25430 25433 
25433 25435 25435 25437 25438 25438 25439 25441 25442 25442 25442 25443 25447 25451 25453 25453 25454 25455 25455 25459 25461 25461 25462 25464 25465 25468 25469 25470 25471 25473 25474 25474 25477 25478 25483 25484 25487 25487 25488 25488 25490 25491 25492 25494 25495 25499 25500 25501 25502 25504 
25504 25507 25507 25508 25509 25509 25513 25515 25516 25517 25519 25521 25522 25523 25528 25529 25531 25533 25534 25536 25536 25539 25540 25540 25543 25543 25546 25547 25547 25548 25548 25552 25553 25553 25555 25556 25557 25559 25562 25562 25564 25564 25565 25566 25567 25568 25569 25571 25577 25578 
25579 25579 25580 25581 25581 25584 25585 25585 25585 25586 25590 25591 25592 25592 25595 25596 25598 25598 25599 25600 25604 25606 25606 25607 25610 25613 25613 25613 25616 25617 25618 25618 25620 25623 25623 25623 25623 25626 25631 25634 25635 25635 25637 25638 25639 25640 25641 25642 25647 25650 
25652 25653 25655 25655 25656 25657 25659 25659 25660 25661 25663 25667 25668 25669 25674 25674 25676 25679 25682 25682 25684 25684 25688 25688 25689 25689 25691 25692 25693 25694 25695 25698 25701 25703 25704 25705 25706 25709 25709 25713 25714 25714 25715 25717 25718 25721 25721 25724 25726 25727 
25732 25733 25733 25733 25734 25735 25741 25742 25742 25743 25745 25746 25747 25749 25749 25750 25752 25752 25754 25755 25755 25756 25757 25759 25760 25761 25762 25766 25770 25770 25770 25773 25775 25779 25780 25780 25781 25782 25783 25786 25788 25791 25796 25797 25799 25801 25801 25802 25803 25805 
25807 25808 25811 25816 25822 25824 25824 25825 25829 25832 25840 25842 25848 25850 25852 25853 25854 25855 25855 25860 25862 25864 25865 25865 25868 25870 25870 25876 25884 25886 25886 25887 25887 25891 25892 25892 25896 25896 25898 25901 25902 25902 25903 25907 25907 25909 25909 25909 25913 25913 
25914 25920 25924 25925 25925 25928 25928 25929 25932 25933 25936 25937 25937 25938 25940 25940 25943 25944 25944 25946 25946 25950 25953 25959 25961 25962 25962 25965 25965 25967 25968 25970 25971 25971 25974 25975 25975 25977 25978 25988 25989 25992 25993 25996 25998 26003 26004 26006 26007 26007 
26009 26009 26010 26013 26015 26016 26017 26021 26022 26024 26028 26029 26032 26034 26036 26037 26042 26043 26045 26047 26051 26054 26055 26058 26059 26060 26061 26064 26066 26068 26071 26073 26076 26078 26079 26081 26082 26083 26086 26089 26089 26090 26090 26093 26097 26098 26102 26103 26106 26107 
26108 26111 26111 26113 26114 26115 26115 26116 26116 26117 26117 26118 26121 26121 26124 26125 26126 26126 26127 26127 26130 26132 26133 26134 26136 26142 26145 26145 26146 26146 26147 26149 26150 26155 26156 26156 26156 26157 26157 26160 26161 26163 26167 26167 26171 26173 26174 26175 26176 26177 
26180 26181 26184 26184 26189 26201 26206 26206 26208 26208 26208 26210 26211 26212 26212 26213 26213 26214 26214 26216 26217 26217 26224 26226 26228 26229 26230 26235 26235 26241 26245 26248 26250 26253 26254 26254 26254 26254 26255 26255 26256 26256 26259 26261 26262 26268 26270 26273 26280 26280 
26285 26287 26287 26288 26292 26296 26297 26307 26310 26310 26314 26314 26317 26318 26319 26319 26320 26321 26323 26323 26328 26328 26328 26332 26332 26332 26333 26334 26334 26339 26341 26342 26342 26343 26344 26345 26347 26352 26354 26359 26359 26361 26364 26366 26368 26369 26372 26380 26386 26389 
26391 26391 26392 26395 26397 26397 26398 26401 26402 26402 26403 26404 26405 26409 26410 26412 26413 26413 26415 26415 26415 26417 26420 26424 26425 26426 26428 26428 26428 26431 26432 26433 26434 26437 26439 26441 26442 26442 26445 26447 26448 26448 26450 26453 26455 26460 26461 26462 26463 26463 
26465 26466 26470 26471 26474 26475 26478 26482 26483 26484 26484 26485 26489 26489 26491 26497 26498 26500 26501 26505 26505 26506 26506 26507 26507 26508 26509 26510 26510 26511 26514 26514 26515 26515 26516 26517 26518 26519 26520 26521 26523 26524 26525 26526 26528 26529 26529 26532 26536 26538 
26541 26541 26543 26544 26544 26547 26552 26553 26553 26554 26555 26557 26561 26564 26565 26567 26568 26570 26572 26575 26575 26575 26576 26578 26581 26583 26587 26588 26590 26590 26590 26591 26591 26592 26594 26598 26600 26604 26605 26606 26609 26610 26613 26614 26614 26616 26618 26620 26625 26625 
26627 26631 26633 26635 26635 26641 26643 26645 26646 26647 26648 26649 26653 26653 26655 26655 26657 26662 26663 26667 26668 26668 26670 26673 26674 26677 26677 26679 26684 26685 26686 26686 26689 26690 26691 26691 26700 26704 26707 26710 26711 26712 26712 26713 26714 26716 26719 26719 26724 26724 
26724 26727 26732 26732 26733 26734 26737 26741 26742 26743 26746 26746 26747 26748 26750 26750 26753 26753 26755 26755 26755 26755 26756 26756 26759 26760 26761 26763 26764 26771 26772 26772 26775 26776 26776 26777 26778 26780 26780 26782 26782 26784 26787 26787 26789 26790 26791 26794 26795 26796 
26797 26799 26800 26800 26801 26802 26803 26804 26804 26804 26807 26807 26808 26811 26813 26814 26817 26819 26819 26820 26820 26821 26822 26824 26826 26827 26828 26831 26831 26832 26834 26835 26838 26840 26842 26844 26846 26846 26847 26849 26849 26851 26851 26852 26853 26854 26855 26856 26859 26859 
26860 26861 26862 26867 26867 26868 26869 26872 26872 26873 26876 26877 26877 26877 26877 26880 26882 26882 26883 26884 26886 26888 26889 26889 26891 26891 26894 26894 26895 26896 26899 26902 26902 26902 26903 26904 26905 26905 26911 26911 26912 26912 26914 26915 26916 26917 26917 26918 26919 26920 
26920 26920 26921 26923 26924 26925 26926 26927 26928 26929 26932 26935 26937 26939 26940 26941 26944 26944 26945 26948 26949 26951 26954 26954 26955 26956 26956 26960 26971 26973 26974 26974 26976 26976 26977 26980 26980 26981 26985 26986 26987 26988 26990 26990 26991 26993 26995 26995 26997 26999 
27001 27002 27002 27002 27002 27005 27005 27006 27006 27006 27009 27011 27012 27013 27015 27016 27017 27017 27017 27018 27021 27022 27023 27025 27027 27027 27028 27030 27031 27034 27034 27036 27036 27037 27038 27039 27039 27041 27041 27043 27045 27045 27046 27049 27049 27049 27050 27051 27051 27055 
27055 27055 27055 27057 27057 27061 27062 27062 27062 27063 27065 27068 27077 27079 27080 27081 27083 27084 27084 27085 27086 27087 27087 27091 27091 27091 27092 27092 27093 27094 27096 27096 27098 27099 27099 27100 27102 27104 27106 27106 27109 27112 27114 27124 27124 27126 27126 27130 27134 27136 
27138 27138 27138 27138 27138 27139 27140 27141 27142 27143 27143 27144 27145 27146 27146 27148 27150 27151 27152 27153 27155 27155 27155 27159 27161 27162 27163 27164 27164 27166 27169 27170 27173 27174 27174 27175 27176 27177 27179 27179 27184 27186 27188 27189 27190 27190 27193 27196 27200 27201 
27202 27204 27204 27206 27208 27208 27208 27209 27210 27211 27213 27218 27221 27222 27232 27233 27234 27235 27237 27239 27240 27243 27244 27249 27249 27250 27251 27254 27255 27255 27256 27256 27258 27259 27263 27265 27267 27269 27269 27269 27270 27272 27274 27276 27276 27278 27279 27280 27282 27286 
27287 27288 27291 27294 27296 27297 27300 27301 27304 27310 27312 27314 27314 27317 27317 27318 27319 27324 27327 27330 27332 27335 27335 27337 27337 27340 27344 27345 27346 27349 27350 27351 27351 27354 27354 27356 27361 27365 27366 27368 27370 27370 27371 27372 27376 27377 27380 27381 27387 27388 
27390 27390 27391 27395 27401 27402 27402 27402 27404 27405 27405 27405 27407 27409 27413 27415 27416 27416 27416 27416 27418 27418 27418 27419 27423 27424 27426 27427 27437 27438 27439 27440 27444 27444 27448 27449 27449 27449 27454 27454 27455 27455 27457 27460 27462 27462 27464 27465 27465 27466 
27466 27467 27467 27468 27468 27469 27471 27472 27473 27473 27475 27475 27477 27479 27483 27487 27488 27490 27491 27492 27494 27494 27495 27497 27499 27499 27499 27499 27501 27501 27502 27504 27504 27508 27509 27509 27510 27511 27512 27515 27517 27517 27517 27519 27526 27527 27530 27532 27533 27542 
27542 27543 27545 27547 27549 27550 27550 27557 27558 27560 27561 27567 27568 27571 27571 27575 27578 27580 27582 27584 27585 27585 27585 27585 27586 27586 27589 27589 27591 27594 27599 27599 27599 27603 27606 27606 27610 27610 27613 27616 27617 27617 27620 27621 27622 27624 27625 27627 27634 27634 
27636 27637 27637 27637 27640 27642 27644 27645 27645 27646 27649 27651 27653 27655 27660 27661 27665 27665 27665 27668 27669 27672 27674 27675 27679 27679 27680 27683 27686 27686 27689 27694 27695 27695 27696 27697 27703 27706 27708 27710 27711 27712 27714 27715 27716 27720 27721 27722 27725 27726 
27730 27732 27732 27734 27735 27735 27738 27739 27739 27740 27742 27746 27749 27753 27757 27759 27763 27765 27765 27768 27768 27769 27770 27770 27771 27771 27771 27772 27773 27774 27775 27776 27783 27783 27790 27790 27791 27794 27795 27800 27800 27800 27802 27807 27810 27810 27814 27817 27818 27819 
27819 27822 27822 27822 27823 27827 27827 27827 27828 27828 27831 27839 27840 27841 27842 27843 27847 27848 27851 27851 27851 27855 27855 27855 27858 27858 27859 27859 27860 27861 27864 27867 27868 27869 27869 27870 27870 27870 27872 27872 27873 27874 27876 27878 27879 27881 27881 27883 27885 27889 
27890 27891 27893 27897 27900 27901 27902 27902 27903 27903 27903 27905 27910 27912 27914 27917 27918 27921 27922 27922 27923 27925 27925 27926 27927 27932 27933 27934 27936 27938 27941 27941 27941 27942 27945 27945 27948 27954 27958 27961 27961 27964 27964 27967 27967 27969 27969 27974 27974 27974 
27977 27980 27986 27987 27987 27992 27992 27992 27994 27996 28000 28002 28003 28006 28006 28007 28009 28009 28011 28014 28015 28018 28018 28019 28019 28020 28022 28024 28028 28029 28030 28030 28030 28037 28039 28042 28042 28044 28047 28048 28050 28057 28059 28062 28062 28067 28067 28067 28069 28069 
28072 28073 28075 28077 28079 28082 28082 28085 28088 28089 28089 28094 28095 28095 28097 28098 28098 28098 28099 28102 28103 28107 28108 28109 28114 28114 28117 28118 28120 28120 28121 28122 28124 28125 28126 28128 28129 28130 28132 28133 28134 28134 28135 28136 28137 28137 28141 28142 28146 28149 
28155 28157 28160 28161 28163 28166 28167 28169 28175 28176 28176 28178 28178 28179 28180 28180 28182 28184 28184 28187 28188 28188 28189 28190 28192 28199 28199 28201 28205 28207 28210 28211 28212 28212 28213 28216 28220 28220 28222 28223 28226 28227 28228 28228 28231 28232 28232 28234 28242 28243 
28246 28247 28250 28253 28255 28259 28261 28263 28275 28276 28278 28278 28278 28283 28283 28284 28287 28289 28290 28295 28295 28296 28296 28297 28299 28306 28307 28308 28308 28308 28311 28313 28317 28317 28319 28326 28330 28331 28332 28332 28335 28337 28338 28338 28342 28345 28346 28349 28350 28353 
28353 28354 28364 28364 28366 28367 28370 28370 28371 28375 28378 28378 28380 28382 28386 28387 28389 28389 28391 28392 28394 28395 28395 28403 28403 28405 28406 28408 28408 28409 28409 28411 28414 28415 28416 28417 28418 28424 28425 28427 28428 28429 28433 28434 28434 28435 28436 28436 28437 28437 
28438 28442 28444 28445 28447 28447 28450 28450 28453 28456 28457 28458 28458 28460 28460 28461 28461 28464 28467 28470 28471 28473 28475 28476 28478 28481 28482 28484 28485 28485 28488 28489 28492 28495 28496 28496 28498 28498 28499 28502 28507 28509 28510 28512 28515 28519 28520 28522 28526 28526 
28526 28527 28527 28531 28533 28539 28541 28541 28541 28542 28545 28547 28548 28549 28550 28553 28553 28555 28556 28556 28557 28559 28560 28560 28565 28567 28569 28570 28573 28573 28574 28575 28575 28575 28577 28580 28580 28581 28582 28584 28584 28584 28584 28585 28587 28587 28588 28588 28591 28591 
28594 28596 28596 28597 28601 28603 28603 28603 28604 28606 28607 28607 28609 28610 28612 28612 28612 28612 28615 28617 28620 28621 28621 28621 28622 28623 28624 28624 28626 28629 28631 28634 28635 28635 28636 28636 28641 28643 28645 28646 28647 28649 28651 28652 28654 28655 28656 28657 28659 28659 
28659 28659 28659 28663 28669 28670 28672 28673 28674 28675 28680 28683 28684 28685 28685 28691 28693 28693 28696 28697 28697 28698 28699 28705 28707 28708 28708 28712 28712 28713 28718 28718 28721 28725 28725 28728 28728 28731 28732 28733 28733 28737 28737 28739 28739 28741 28742 28745 28746 28746 
28747 28749 28750 28751 28756 28760 28763 28763 28764 28764 28764 28766 28767 28767 28769 28770 28771 28774 28779 28780 28780 28782 28784 28787 28788 28790 28791 28791 28792 28793 28794 28795 28798 28799 28803 28803 28805 28809 28810 28811 28813 28814 28816 28822 28823 28824 28825 28828 28833 28833 
28833 28834 28836 28837 28837 28837 28840 28842 28842 28842 28846 28847 28848 28852 28852 28855 28857 28862 28863 28863 28864 28870 28874 28875 28876 28879 28879 28885 28886 28892 28892 28894 28895 28896 28897 28900 28900 28902 28906 28906 28909 28911 28912 28912 28913 28915 28916 28917 28917 28921 
28922 28924 28925 28925 28926 28929 28929 28931 28931 28934 28936 28940 28941 28946 28946 28948 28949 28950 28950 28951 28952 28952 28953 28954 28957 28959 28959 28959 28962 28963 28963 28967 28967 28974 28981 28982 28984 28984 28986 28987 28990 28991 28992 28994 28997 28999 29003 29003 29004 29007 
29007 29009 29009 29009 29010 29013 29014 29014 29015 29020 29024 29029 29029 29032 29035 29036 29036 29038 29038 29039 29040 29045 29046 29047 29047 29048 29049 29050 29052 29052 29052 29053 29053 29055 29056 29057 29058 29060 29060 29060 29061 29062 29062 29063 29064 29064 29065 29065 29066 29067 
29068 29069 29069 29070 29071 29072 29073 29073 29075 29080 29080 29081 29083 29083 29084 29085 29087 29088 29089 29089 29090 29091 29093 29093 29094 29095 29096 29097 29097 29101 29102 29103 29104 29105 29109 29109 29109 29110 29112 29113 29116 29118 29119 29122 29125 29125 29128 29129 29132 29137 
29138 29138 29139 29141 29142 29145 29145 29148 29149 29150 29150 29151 29152 29154 29157 29158 29158 29159 29160 29160 29161 29163 29163 29164 29164 29167 29169 29171 29172 29178 29180 29181 29192 29196 29196 29198 29202 29203 29205 29205 29207 29207 29209 29210 29210 29212 29213 29214 29214 29215 
29216 29216 29216 29220 29222 29224 29227 29228 29229 29230 29230 29231 29234 29235 29238 29239 29240 29243 29246 29247 29248 29249 29252 29253 29253 29254 29255 29256 29256 29257 29257 29257 29260 29262 29263 29264 29267 29267 29271 29278 29281 29282 29283 29286 29291 29292 29294 29297 29297 29298 
29300 29301 29302 29302 29302 29303 29304 29306 29306 29307 29310 29310 29313 29316 29316 29317 29317 29318 29324 29325 29326 29327 29327 29327 29330 29334 29335 29336 29338 29338 29339 29339 29340 29341 29343 29343 29344 29347 29347 29350 29350 29351 29352 29353 29353 29355 29356 29357 29357 29357 
29358 29360 29362 29362 29370 29371 29372 29374 29377 29379 29382 29384 29384 29387 29388 29389 29390 29391 29392 29392 29393 29394 29394 29396 29397 29399 29402 29404 29404 29405 29408 29411 29412 29412 29420 29420 29423 29429 29436 29441 29443 29446 29448 29453 29453 29456 29457 29457 29462 29463 
29463 29465 29466 29469 29470 29470 29471 29472 29474 29475 29476 29476 29481 29483 29484 29486 29487 29488 29488 29488 29489 29490 29496 29497 29501 29502 29512 29513 29513 29516 29517 29521 29521 29522 29523 29525 29534 29535 29535 29540 29542 29543 29545 29546 29549 29550 29555 29555 29557 29561 
29561 29563 29566 29570 29571 29576 29578 29579 29585 29589 29589 29591 29591 29593 29593 29596 29598 29600 29602 29603 29609 29609 29609 29610 29611 29612 29614 29614 29615 29615 29616 29617 29618 29618 29625 29625 29626 29627 29631 29632 29633 29635 29636 29637 29637 29638 29641 29641 29642 29644 
29644 29646 29649 29649 29651 29651 29653 29654 29657 29663 29663 29664 29666 29667 29668 29668 29669 29676 29678 29678 29679 29679 29680 29680 29682 29684 29685 29688 29691 29697 29698 29698 29705 29705 29706 29707 29707 29709 29709 29712 29712 29713 29717 29720 29721 29722 29722 29723 29724 29725 
29726 29726 29726 29727 29729 29731 29734 29737 29738 29738 29740 29742 29746 29747 29749 29750 29750 29752 29752 29753 29755 29756 29759 29762 29763 29765 29767 29768 29768 29772 29773 29776 29782 29782 29783 29784 29786 29787 29788 29788 29788 29790 29792 29792 29792 29797 29797 29804 29806 29807 
29808 29808 29808 29812 29812 29813 29814 29816 29818 29818 29819 29820 29821 29823 29823 29824 29824 29829 29830 29831 29833 29834 29835 29835 29836 29836 29837 29838 29843 29845 29848 29851 29852 29852 29853 29853 29853 29854 29856 29857 29860 29860 29862 29867 29868 29869 29870 29871 29872 29874 
29875 29876 29879 29879 29880 29880 29881 29881 29881 29883 29883 29884 29885 29888 29888 29889 29892 29893 29894 29897 29901 29902 29907 29908 29910 29911 29912 29913 29913 29917 29918 29919 29919 29919 29920 29922 29924 29924 29928 29929 29929 29930 29934 29935 29938 29938 29946 29946 29947 29947 
29947 29951 29952 29952 29953 29954 29955 29956 29958 29960 29961 29962 29964 29964 29966 29969 29972 29974 29975 29976 29981 29982 29984 29985 29986 29987 29987 29988 29988 29990 29990 29990 29992 29993 29996 29998 29998 29999 30000 30000 30001 30003 30005 30005 30007 30011 30012 30012 30018 30021 
30024 30024 30025 30028 30028 30029 30030 30030 30031 30032 30036 30038 30045 30046 30047 30047 30047 30054 30055 30056 30058 30060 30062 30063 30065 30070 30071 30071 30075 30076 30078 30080 30081 30081 30083 30090 30090 30091 30091 30093 30094 30094 30096 30097 30098 30103 30104 30105 30107 30108 
30108 30112 30114 30115 30117 30121 30121 30122 30122 30126 30127 30130 30130 30130 30132 30133 30135 30135 30136 30139 30140 30144 30144 30145 30145 30145 30146 30147 30151 30152 30152 30154 30155 30155 30156 30159 30164 30165 30165 30167 30167 30168 30170 30171 30173 30177 30178 30178 30182 30182 
30183 30183 30188 30188 30189 30192 30192 30194 30196 30196 30198 30198 30199 30201 30202 30204 30205 30206 30206 30207 30208 30211 30214 30215 30216 30217 30217 30217 30221 30225 30226 30227 30229 30229 30230 30236 30236 30237 30237 30238 30243 30244 30245 30247 30249 30250 30250 30252 30254 30256 
30256 30257 30259 30259 30259 30259 30261 30262 30269 30273 30275 30275 30277 30277 30280 30280 30281 30281 30283 30287 30294 30294 30295 30303 30303 30306 30307 30309 30316 30316 30318 30320 30326 30329 30330 30331 30331 30331 30332 30333 30333 30334 30335 30336 30337 30337 30339 30339 30340 30343 
30343 30343 30344 30344 30345 30345 30347 30349 30354 30355 30355 30355 30355 30356 30357 30357 30358 30358 30359 30361 30361 30361 30362 30362 30362 30364 30364 30366 30366 30367 30369 30369 30370 30370 30370 30371 30371 30373 30374 30375 30376 30379 30382 30382 30386 30386 30386 30387 30391 30396 
30398 30399 30400 30400 30403 30404 30404 30406 30406 30409 30412 30413 30414 30414 30415 30416 30417 30417 30418 30423 30425 30427 30429 30429 30431 30434 30436 30437 30440 30441 30442 30444 30448 30448 30449 30450 30453 30454 30457 30457 30458 30458 30460 30463 30463 30463 30464 30465 30468 30470 
30472 30477 30477 30478 30487 30488 30488 30490 30494 30501 30501 30502 30502 30502 30503 30504 30507 30510 30511 30514 30519 30519 30520 30522 30522 30522 30525 30527 30527 30527 30530 30530 30531 30531 30533 30533 30535 30542 30545 30550 30550 30553 30553 30554 30555 30556 30558 30558 30559 30561 
30562 30566 30568 30569 30569 30570 30576 30577 30578 30580 30582 30584 30586 30592 30594 30595 30595 30597 30597 30598 30600 30602 30603 30603 30605 30612 30616 30617 30617 30619 30619 30626 30628 30631 30632 30633 30634 30638 30644 30651 30658 30660 30664 30666 30668 30669 30671 30673 30673 30674 
30675 30676 30676 30679 30680 30680 30682 30683 30683 30684 30686 30689 30690 30693 30694 30694 30694 30696 30698 30698 30699 30700 30701 30702 30702 30702 30705 30706 30707 30708 30713 30716 30718 30718 30719 30721 30727 30727 30732 30734 30735 30737 30739 30740 30741 30741 30743 30745 30749 30750 
30751 30754 30755 30758 30760 30761 30763 30763 30764 30764 30765 30767 30772 30773 30774 30774 30779 30779 30782 30785 30785 30785 30785 30787 30788 30788 30790 30790 30791 30794 30794 30795 30797 30797 30802 30804 30805 30806 30809 30811 30811 30813 30814 30820 30820 30821 30823 30826 30827 30828 
30828 30829 30836 30839 30841 30848 30848 30850 30852 30852 30857 30860 30861 30865 30867 30868 30869 30870 30870 30871 30873 30873 30874 30875 30876 30877 30881 30881 30883 30885 30885 30888 30891 30892 30896 30896 30896 30896 30896 30897 30899 30900 30903 30903 30903 30903 30904 30909 30909 30910 
30910 30911 30913 30914 30916 30918 30920 30920 30921 30922 30928 30929 30930 30932 30934 30935 30936 30939 30941 30944 30948 30949 30952 30956 30959 30959 30959 30963 30963 30966 30966 30968 30969 30971 30972 30972 30973 30980 30981 30982 30983 30988 30990 30996 30996 30996 30999 30999 31001 31003 
31003 31005 31007 31007 31008 31009 31009 31011 31011 31012 31012 31013 31015 31021 31022 31030 31030 31032 31033 31033 31033 31033 31034 31037 31037 31040 31040 31042 31044 31044 31045 31045 31046 31048 31048 31052 31054 31055 31057 31059 31061 31067 31069 31069 31069 31069 31070 31072 31073 31073 
31074 31075 31076 31077 31078 31079 31080 31082 31083 31084 31085 31086 31087 31087 31090 31091 31092 31093 31095 31098 31099 31102 31103 31106 31106 31109 31109 31114 31115 31115 31117 31117 31118 31120 31122 31125 31125 31126 31127 31127 31128 31129 31134 31137 31137 31138 31140 31141 31142 31144 
31144 31144 31145 31148 31148 31149 31153 31155 31159 31159 31160 31162 31162 31165 31170 31172 31173 31175 31177 31177 31177 31179 31180 31182 31182 31184 31185 31193 31194 31197 31197 31199 31200 31203 31209 31209 31211 31213 31213 31214 31217 31224 31225 31225 31227 31228 31233 31233 31233 31238 
31239 31239 31241 31241 31243 31245 31250 31253 31253 31253 31255 31256 31263 31264 31266 31267 31269 31273 31278 31278 31278 31279 31279 31280 31283 31287 31287 31288 31291 31292 31293 31294 31294 31300 31301 31302 31302 31304 31307 31309 31311 31312 31313 31316 31321 31322 31322 31323 31324 31325 
31325 31331 31333 31333 31334 31336 31338 31341 31341 31343 31344 31345 31348 31353 31355 31357 31358 31360 31360 31361 31367 31367 31367 31368 31368 31371 31376 31377 31378 31381 31383 31384 31387 31389 31391 31391 31398 31398 31400 31402 31402 31403 31403 31404 31406 31417 31418 31418 31421 31422 
31423 31424 31425 31426 31427 31428 31428 31429 31430 31431 31432 31432 31435 31435 31439 31441 31441 31445 31446 31447 31448 31449 31450 31450 31453 31457 31458 31460 31462 31462 31463 31466 31466 31469 31471 31472 31472 31473 31473 31475 31475 31479 31480 31484 31486 31486 31487 31487 31488 31488 
31488 31489 31490 31492 31495 31498 31500 31500 31501 31502 31502 31503 31507 31508 31509 31509 31510 31511 31519 31521 31522 31523 31524 31528 31528 31529 31530 31531 31533 31533 31534 31535 31535 31538 31540 31541 31543 31545 31546 31547 31548 31550 31551 31555 31558 31558 31562 31564 31567 31568 
31570 31570 31574 31575 31576 31576 31576 31577 31577 31581 31584 31587 31587 31587 31588 31588 31594 31594 31596 31601 31601 31602 31605 31607 31612 31616 31617 31618 31623 31624 31624 31626 31628 31629 31629 31630 31630 31630 31631 31634 31636 31637 31639 31644 31645 31645 31648 31652 31653 31659 
31659 31661 31662 31663 31665 31667 31667 31668 31669 31671 31672 31673 31675 31678 31679 31683 31684 31684 31686 31691 31692 31693 31693 31694 31695 31699 31700 31701 31708 31708 31708 31710 31717 31718 31719 31720 31726 31728 31731 31733 31743 31744 31748 31748 31751 31751 31754 31755 31760 31762 
31762 31763 31763 31764 31765 31765 31766 31768 31772 31773 31779 31781 31781 31782 31782 31783 31787 31790 31791 31792 31792 31794 31794 31795 31796 31799 31799 31800 31803 31804 31804 31807 31807 31808 31810 31813 31815 31816 31816 31816 31816 31818 31818 31820 31821 31821 31822 31824 31825 31831 
31832 31834 31835 31835 31835 31837 31838 31839 31841 31841 31841 31843 31844 31845 31845 31847 31848 31849 31849 31850 31852 31853 31858 31864 31867 31870 31871 31871 31873 31874 31875 31877 31877 31877 31880 31880 31880 31883 31884 31885 31885 31886 31887 31887 31888 31889 31891 31892 31893 31897 
31899 31901 31908 31909 31909 31910 31912 31912 31913 31913 31915 31917 31920 31922 31923 31928 31928 31934 31934 31937 31938 31939 31941 31944 31945 31947 31947 31948 31953 31954 31954 31958 31959 31960 31960 31960 31965 31966 31969 31971 31972 31975 31978 31979 31981 31982 31984 31986 31987 31992 
31992 31993 31994 31995 31997 31998 31999 32001 32003 32006 32007 32008 32008 32008 32009 32009 32011 32014 32016 32016 32017 32020 32024 32024 32026 32028 32032 32033 32037 32040 32040 32042 32045 32046 32046 32047 32051 32051 32054 32055 32056 32056 32057 32058 32058 32059 32060 32060 32061 32061 
32066 32068 32068 32070 32072 32076 32076 32077 32078 32078 32079 32079 32080 32082 32084 32084 32086 32086 32086 32088 32090 32090 32091 32094 32095 32096 32098 32099 32099 32102 32103 32103 32105 32106 32108 32109 32110 32110 32112 32113 32115 32117 32117 32117 32117 32118 32119 32119 32120 32124 
32126 32128 32129 32130 32131 32131 32136 32139 32140 32140 32141 32143 32146 32147 32147 32150 32152 32156 32156 32158 32160 32161 32163 32166 32167 32167 32169 32171 32172 32174 32175 32175 32177 32178 32178 32180 32181 32183 32185 32185 32187 32187 32187 32188 32189 32190 32191 32191 32191 32194 
32198 32200 32201 32202 32205 32206 32207 32208 32208 32211 32213 32213 32214 32216 32216 32216 32217 32218 32220 32223 32224 32225 32228 32228 32228 32229 32231 32234 32235 32235 32236 32236 32238 32238 32238 32239 32240 32244 32246 32247 32248 32252 32252 32253 32253 32253 32254 32254 32254 32258 
32259 32261 32263 32268 32270 32272 32272 32273 32279 32282 32285 32288 32289 32293 32294 32300 32300 32302 32302 32310 32315 32329 32330 32332 32333 32337 32338 32340 32341 32341 32343 32345 32345 32349 32350 32351 32354 32359 32359 32360 32360 32361 32361 32363 32364 32364 32368 32368 32371 32372 
32380 32381 32383 32386 32389 32390 32390 32392 32394 32397 32403 32404 32409 32410 32411 32414 32419 32421 32424 32426 32427 32432 32432 32435 32436 32438 32439 32442 32453 32453 32455 32456 32462 32463 32465 32466 32467 32468 32468 32472 32472 32475 32477 32478 32478 32478 32479 32481 32483 32487 
32487 32489 32491 32491 32497 32502 32502 32503 32505 32506 32506 32507 32512 32513 32517 32518 32521 32524 32527 32527 32528 32528 32530 32531 32533 32533 32533 32535 32536 32539 32539 32540 32541 32541 32545 32545 32546 32549 32551 32553 32554 32556 32559 32560 32562 32562 32562 32563 32564 32564 
32566 32569 32569 32570 32570 32582 32585 32587 32587 32588 32589 32589 32590 32592 32595 32596 32597 32601 32602 32605 32607 32608 32610 32612 32618 32619 32619 32621 32622 32623 32629 32629 32629 32629 32630 32632 32642 32644 32648 32650 32651 32652 32657 32658 32658 32661 32662 32662 32663 32668 
32670 32671 32673 32677 32677 32680 32681 32682 32688 32688 32688 32694 32695 32697 32697 32701 32701 32709 32709 32709 32709 32710 32712 32715 32716 32716 32717 32723 32724 32730 32730 32731 32738 32738 32739 32739 32740 32742 32745 32747 32747 32752 32753 32756 32759 32764 32764 32765 32765 32768 
